-0.668191, -1.04889, -0.726507, -0.810102, -0.462897, -0.360898, -0.295662, -0.21209, -0.161663, -0.0509265, 0.0485505, 0.200073, 0.380575, 0.573219, 0.739995, 0.856892, 0.922147, 0.947228, 0.949236, 0.94161, 0.93249, 0.925253, 0.920536, 0.917841, 0.916449, 0.915788, 0.915495, 0.915374, 0.915327, 0.915309, 0.915303, 0.915301, 0.915301, 0.915301, 0.915301, 0.915302, 0.915302, 0.915302, 0.915303, 0.915303, 0.915303, 0.915303, 0.915304, 0.915304, 0.915304, 0.915305, 0.915305, 0.915305, 0.915305, 0.915306, 0.915306, 0.915306, 0.915307, 0.915307, 0.915307, 0.915307, 0.915308, 0.915308, 0.915308, 0.915308, 0.915309, 0.915309, 0.915309, 0.915309, 0.91531, 0.91531, 0.91531, 0.91531, 0.91531, 0.915309, 0.915306, 0.915296, 0.915267, 0.915182, 0.914952, 0.914363, 0.912931, 0.909643, 0.902547, 0.888239, 0.86146, 0.815305, 0.74295, 0.640743, 0.513858, 0.376654, 0.251296, 0.151905, 0.0613715, -0.0382569, -0.211827, -0.389886, -0.539695, -0.616682, -0.55627, -0.687577, -0.763499, -0.980438, -0.87583, -1.6405, 9.65001
0.741009, 0.888688, 0.905239, 0.848029, 0.980116, 0.905815, 0.991787, 0.842358, 0.928453, 0.912546, 1.07303, 1.00249, 0.970015, 0.848671, 0.774959, 0.750895, 0.756728, 0.796921, 0.831374, 0.865595, 0.886597, 0.90088, 0.908185, 0.912163, 0.913938, 0.914761, 0.915088, 0.915222, 0.91527, 0.915288, 0.915294, 0.915296, 0.915297, 0.915297, 0.915298, 0.915298, 0.915298, 0.915298, 0.915299, 0.915299, 0.915299, 0.915299, 0.915299, 0.9153, 0.9153, 0.9153, 0.9153, 0.9153, 0.915301, 0.915301, 0.915301, 0.915301, 0.915301, 0.915302, 0.915302, 0.915302, 0.915302, 0.915302, 0.915303, 0.915303, 0.915303, 0.915303, 0.915303, 0.915304, 0.915304, 0.915304, 0.915304, 0.915304, 0.915305, 0.915305, 0.915305, 0.915306, 0.915305, 0.915309, 0.915304, 0.915323, 0.915262, 0.915319, 0.914818, 0.914718, 0.91167, 0.909308, 0.896052, 0.881924, 0.844127, 0.798233, 0.743139, 0.665174, 0.676275, 0.624826, 0.757605, 0.710497, 0.775303, 0.598532, 0.617338, 0.592318, 0.753503, 0.761221, 0.80981, 0.655334, 9.65001
-0.579184, -0.483023, -0.576056, -0.185718, -0.268843, -0.105955, -0.0969385, -0.0430359, 0.0593946, 0.12732, 0.261019, 0.406805, 0.591828, 0.735328, 0.859927, 0.914076, 0.947928, 0.945524, 0.942118, 0.931457, 0.925506, 0.920335, 0.917922, 0.91642, 0.915805, 0.915492, 0.915377, 0.915326, 0.915309, 0.915303, 0.915301, 0.915301, 0.915301, 0.915301, 0.915301, 0.915301, 0.915302, 0.915302, 0.915302, 0.915303, 0.915303, 0.915303, 0.915303, 0.915304, 0.915304, 0.915304, 0.915305, 0.915305, 0.915305, 0.915305, 0.915306, 0.915306, 0.915306, 0.915306, 0.915307, 0.915307, 0.915307, 0.915307, 0.915308, 0.915308, 0.915308, 0.915308, 0.915309, 0.915309, 0.915309, 0.915309, 0.91531, 0.91531, 0.91531, 0.91531, 0.915309, 0.915306, 0.915297, 0.915264, 0.915186, 0.914939, 0.914397, 0.912871, 0.909872, 0.902375, 0.88948, 0.86152, 0.820644, 0.746328, 0.658473, 0.53133, 0.420626, 0.300012, 0.230878, 0.147913, 0.0658795, -0.0820689, -0.26124, -0.344801, -0.405851, -0.34762, -0.416562, -0.440358, -0.703642, -0.458803, 9.65001
0.925054, 0.816771, 0.920093, 0.690688, 1.03307, 0.804576, 0.89964, 0.814255, 0.956551, 0.935615, 1.01693, 0.892753, 0.842153, 0.766918, 0.746071, 0.769178, 0.796654, 0.839734, 0.866296, 0.889574, 0.901244, 0.908923, 0.912268, 0.914078, 0.914782, 0.915109, 0.915225, 0.915273, 0.915289, 0.915294, 0.915296, 0.915297, 0.915298, 0.915298, 0.915298, 0.915298, 0.915298, 0.915299, 0.915299, 0.915299, 0.915299, 0.915299, 0.9153, 0.9153, 0.9153, 0.9153, 0.915301, 0.915301, 0.915301, 0.915301, 0.915301, 0.915302, 0.915302, 0.915302, 0.915302, 0.915302, 0.915302, 0.915303, 0.915303, 0.915303, 0.915303, 0.915303, 0.915304, 0.915304, 0.915304, 0.915304, 0.915304, 0.915305, 0.915305, 0.915305, 0.915305, 0.915305, 0.915305, 0.915306, 0.915299, 0.915307, 0.915244, 0.915278, 0.91485, 0.914885, 0.912578, 0.911816, 0.902406, 0.895782, 0.869114, 0.840677, 0.797753, 0.730816, 0.722951, 0.654446, 0.741981, 0.728314, 0.822974, 0.698755, 0.797641, 0.508106, 0.802178, 0.721339, 0.857619, 0.604747, 9.65001
-0.232203, -0.146783, -0.0818615, -0.0470387, 0.0934407, -0.0577821, 0.189865, 0.141956, 0.267329, 0.353902, 0.475399, 0.621697, 0.768741, 0.848769, 0.929132, 0.933587, 0.951216, 0.935286, 0.933193, 0.923409, 0.920759, 0.917448, 0.916504, 0.915722, 0.915505, 0.915364, 0.915327, 0.915307, 0.915303, 0.9153, 0.9153, 0.9153, 0.9153, 0.915301, 0.915301, 0.915301, 0.915301, 0.915302, 0.915302, 0.915302, 0.915303, 0.915303, 0.915303, 0.915303, 0.915304, 0.915304, 0.915304, 0.915304, 0.915305, 0.915305, 0.915305, 0.915305, 0.915306, 0.915306, 0.915306, 0.915306, 0.915307, 0.915307, 0.915307, 0.915307, 0.915308, 0.915308, 0.915308, 0.915308, 0.915309, 0.915309, 0.915309, 0.915309, 0.91531, 0.91531, 0.91531, 0.915309, 0.915307, 0.915295, 0.915274, 0.915174, 0.915018, 0.914335, 0.913373, 0.909624, 0.904936, 0.888993, 0.871614, 0.821961, 0.77577, 0.672389, 0.592084, 0.470333, 0.390166, 0.323869, 0.273766, 0.171371, 0.121553, -0.111943, -0.0967144, -0.188952, -0.0868394, -0.206684, -0.183178, -0.145422, 9.65001
0.902421, 0.686094, 0.92761, 0.752552, 0.902798, 0.832218, 0.841158, 0.875573, 0.973579, 0.888063, 0.909151, 0.78755, 0.768125, 0.754293, 0.769411, 0.813728, 0.840638, 0.874692, 0.890144, 0.903784, 0.909118, 0.912825, 0.914123, 0.914877, 0.915118, 0.915238, 0.915274, 0.91529, 0.915295, 0.915297, 0.915297, 0.915298, 0.915298, 0.915298, 0.915298, 0.915298, 0.915299, 0.915299, 0.915299, 0.915299, 0.9153, 0.9153, 0.9153, 0.9153, 0.9153, 0.915301, 0.915301, 0.915301, 0.915301, 0.915301, 0.915302, 0.915302, 0.915302, 0.915302, 0.915302, 0.915303, 0.915303, 0.915303, 0.915303, 0.915303, 0.915303, 0.915304, 0.915304, 0.915304, 0.915304, 0.915304, 0.915305, 0.915305, 0.915305, 0.915305, 0.915305, 0.915305, 0.915305, 0.915306, 0.915301, 0.915305, 0.915262, 0.915283, 0.914988, 0.915068, 0.91344, 0.913469, 0.90662, 0.904766, 0.884433, 0.871318, 0.835841, 0.789199, 0.777693, 0.692441, 0.765848, 0.717764, 0.793413, 0.819357, 0.783727, 0.689666, 0.825181, 0.655846, 0.872184, 0.698479, 9.65001
0.194881, 0.0441118, 0.267801, 0.0633668, 0.303639, 0.227664, 0.334501, 0.427196, 0.439208, 0.589745, 0.69018, 0.781171, 0.89748, 0.901951, 0.956726, 0.93079, 0.943046, 0.925074, 0.925371, 0.91854, 0.91784, 0.916046, 0.915785, 0.91543, 0.915373, 0.915317, 0.915308, 0.915301, 0.9153, 0.9153, 0.9153, 0.9153, 0.9153, 0.9153, 0.915301, 0.915301, 0.915301, 0.915301, 0.915302, 0.915302, 0.915302, 0.915303, 0.915303, 0.915303, 0.915303, 0.915304, 0.915304, 0.915304, 0.915304, 0.915305, 0.915305, 0.915305, 0.915305, 0.915306, 0.915306, 0.915306, 0.915306, 0.915307, 0.915307, 0.915307, 0.915307, 0.915307, 0.915308, 0.915308, 0.915308, 0.915308, 0.915309, 0.915309, 0.915309, 0.915309, 0.915309, 0.915309, 0.915309, 0.915305, 0.915302, 0.915266, 0.915237, 0.914963, 0.914773, 0.913085, 0.912067, 0.903869, 0.899609, 0.86954, 0.856144, 0.778708, 0.747969, 0.625949, 0.57317, 0.49192, 0.41368, 0.419166, 0.323404, 0.240363, 0.218663, 0.0435937, 0.167162, 0.0153788, 0.205928, -0.0532878, 9.65001
0.820634, 0.79454, 0.86621, 0.854107, 0.830287, 0.848248, 0.907367, 0.838522, 0.932881, 0.784879, 0.807782, 0.750858, 0.76051, 0.79601, 0.816197, 0.860191, 0.875788, 0.897481, 0.904162, 0.910995, 0.91292, 0.914485, 0.914895, 0.915173, 0.915241, 0.915281, 0.91529, 0.915295, 0.915297, 0.915297, 0.915298, 0.915298, 0.915298, 0.915298, 0.915299, 0.915299, 0.915299, 0.915299, 0.915299, 0.9153, 0.9153, 0.9153, 0.9153, 0.9153, 0.915301, 0.915301, 0.915301, 0.915301, 0.915301, 0.915302, 0.915302, 0.915302, 0.915302, 0.915302, 0.915303, 0.915303, 0.915303, 0.915303, 0.915303, 0.915303, 0.915304, 0.915304, 0.915304, 0.915304, 0.915304, 0.915305, 0.915305, 0.915305, 0.915305, 0.915305, 0.915305, 0.915306, 0.915306, 0.915306, 0.915304, 0.915306, 0.915286, 0.915297, 0.915146, 0.91521, 0.914294, 0.914545, 0.910228, 0.910641, 0.895744, 0.893637, 0.86039, 0.84236, 0.811492, 0.75008, 0.797258, 0.693516, 0.83242, 0.767964, 0.817535, 0.8212, 0.78583, 0.770799, 0.831705, 0.829067, 9.65001
0.350918, 0.357188, 0.374387, 0.40847, 0.418275, 0.545531, 0.499674, 0.636434, 0.680333, 0.747856, 0.876653, 0.862765, 0.958654, 0.915657, 0.952756, 0.922803, 0.93122, 0.918881, 0.919862, 0.916313, 0.916274, 0.915505, 0.915462, 0.915331, 0.91532, 0.915302, 0.915301, 0.915299, 0.915299, 0.915299, 0.915299, 0.9153, 0.9153, 0.9153, 0.9153, 0.915301, 0.915301, 0.915301, 0.915301, 0.915302, 0.915302, 0.915302, 0.915302, 0.915303, 0.915303, 0.915303, 0.915303, 0.915304, 0.915304, 0.915304, 0.915304, 0.915305, 0.915305, 0.915305, 0.915305, 0.915306, 0.915306, 0.915306, 0.915306, 0.915306, 0.915307, 0.915307, 0.915307, 0.915307, 0.915308, 0.915308, 0.915308, 0.915308, 0.915308, 0.915309, 0.915309, 0.915309, 0.915309, 0.915308, 0.915308, 0.915297, 0.915297, 0.915205, 0.915203, 0.914572, 0.914577, 0.911091, 0.911237, 0.896231, 0.897324, 0.849536, 0.853853, 0.750378, 0.757421, 0.629006, 0.616179, 0.566715, 0.486962, 0.523047, 0.398064, 0.401871, 0.336997, 0.352108, 0.333134, 0.310424, 9.65001
0.864399, 0.791546, 0.873782, 0.795587, 0.877821, 0.777404, 0.902581, 0.763243, 0.82963, 0.756899, 0.769083, 0.794482, 0.80232, 0.852649, 0.862408, 0.892371, 0.898192, 0.909067, 0.91118, 0.913985, 0.914523, 0.915075, 0.915179, 0.915266, 0.915282, 0.915293, 0.915296, 0.915297, 0.915297, 0.915298, 0.915298, 0.915298, 0.915298, 0.915299, 0.915299, 0.915299, 0.915299, 0.915299, 0.9153, 0.9153, 0.9153, 0.9153, 0.9153, 0.915301, 0.915301, 0.915301, 0.915301, 0.915301, 0.915302, 0.915302, 0.915302, 0.915302, 0.915302, 0.915303, 0.915303, 0.915303, 0.915303, 0.915303, 0.915303, 0.915304, 0.915304, 0.915304, 0.915304, 0.915304, 0.915305, 0.915305, 0.915305, 0.915305, 0.915305, 0.915305, 0.915306, 0.915306, 0.915306, 0.915306, 0.915306, 0.915306, 0.9153, 0.915304, 0.915248, 0.91528, 0.914896, 0.91507, 0.912997, 0.913713, 0.905192, 0.907009, 0.882194, 0.882823, 0.839151, 0.824053, 0.803718, 0.743665, 0.824196, 0.715339, 0.862693, 0.757762, 0.846557, 0.768266, 0.855288, 0.789877, 9.65001
0.538617, 0.596354, 0.574223, 0.643725, 0.643767, 0.700003, 0.753889, 0.755881, 0.887161, 0.837035, 0.959374, 0.896418, 0.958566, 0.916372, 0.936274, 0.917792, 0.922074, 0.916289, 0.91691, 0.915541, 0.915596, 0.915341, 0.915342, 0.915304, 0.915303, 0.915299, 0.915299, 0.915299, 0.915299, 0.915299, 0.915299, 0.9153, 0.9153, 0.9153, 0.9153, 0.9153, 0.915301, 0.915301, 0.915301, 0.915301, 0.915302, 0.915302, 0.915302, 0.915302, 0.915303, 0.915303, 0.915303, 0.915303, 0.915304, 0.915304, 0.915304, 0.915304, 0.915305, 0.915305, 0.915305, 0.915305, 0.915305, 0.915306, 0.915306, 0.915306, 0.915306, 0.915307, 0.915307, 0.915307, 0.915307, 0.915307, 0.915308, 0.915308, 0.915308, 0.915308, 0.915308, 0.915309, 0.915309, 0.915309, 0.915309, 0.915307, 0.915309, 0.915284, 0.915298, 0.91511, 0.915209, 0.914042, 0.914635, 0.908843, 0.911772, 0.889646, 0.900816, 0.839033, 0.869452, 0.75302, 0.804799, 0.67524, 0.712828, 0.646219, 0.623682, 0.613815, 0.560605, 0.583436, 0.531134, 0.587034, 9.65001
0.857278, 0.755296, 0.849817, 0.755906, 0.848118, 0.762592, 0.822276, 0.779007, 0.786514, 0.81212, 0.805592, 0.856944, 0.856381, 0.891321, 0.893524, 0.907953, 0.909372, 0.913556, 0.91405, 0.914966, 0.915086, 0.915245, 0.915267, 0.91529, 0.915293, 0.915296, 0.915297, 0.915297, 0.915298, 0.915298, 0.915298, 0.915298, 0.915298, 0.915299, 0.915299, 0.915299, 0.915299, 0.9153, 0.9153, 0.9153, 0.9153, 0.9153, 0.915301, 0.915301, 0.915301, 0.915301, 0.915301, 0.915302, 0.915302, 0.915302, 0.915302, 0.915302, 0.915303, 0.915303, 0.915303, 0.915303, 0.915303, 0.915303, 0.915304, 0.915304, 0.915304, 0.915304, 0.915304, 0.915305, 0.915305, 0.915305, 0.915305, 0.915305, 0.915305, 0.915306, 0.915306, 0.915306, 0.915306, 0.915306, 0.915306, 0.915307, 0.915306, 0.915307, 0.915293, 0.915303, 0.915187, 0.915255, 0.914521, 0.914895, 0.911337, 0.912871, 0.900041, 0.904394, 0.872186, 0.878895, 0.830758, 0.828278, 0.808087, 0.772518, 0.826888, 0.750994, 0.843496, 0.75011, 0.845987, 0.748925, 9.65001
0.77691, 0.725118, 0.807431, 0.755366, 0.856931, 0.789329, 0.918025, 0.837026, 0.958223, 0.88451, 0.957154, 0.909227, 0.937856, 0.915619, 0.923462, 0.915887, 0.917455, 0.915493, 0.915734, 0.915335, 0.915367, 0.915302, 0.915306, 0.915298, 0.915299, 0.915298, 0.915298, 0.915298, 0.915299, 0.915299, 0.915299, 0.915299, 0.9153, 0.9153, 0.9153, 0.9153, 0.9153, 0.915301, 0.915301, 0.915301, 0.915301, 0.915302, 0.915302, 0.915302, 0.915302, 0.915303, 0.915303, 0.915303, 0.915303, 0.915303, 0.915304, 0.915304, 0.915304, 0.915304, 0.915304, 0.915305, 0.915305, 0.915305, 0.915305, 0.915306, 0.915306, 0.915306, 0.915306, 0.915306, 0.915307, 0.915307, 0.915307, 0.915307, 0.915307, 0.915308, 0.915308, 0.915308, 0.915308, 0.915308, 0.915309, 0.915308, 0.91531, 0.915304, 0.915312, 0.915267, 0.915314, 0.915006, 0.915284, 0.913566, 0.915024, 0.907412, 0.913707, 0.887939, 0.908787, 0.845188, 0.894826, 0.786596, 0.865854, 0.743512, 0.824895, 0.723251, 0.788396, 0.70888, 0.770744, 0.716533, 9.65001
0.82199, 0.796597, 0.818525, 0.803622, 0.816462, 0.820005, 0.810811, 0.843538, 0.825674, 0.871659, 0.861733, 0.895262, 0.892824, 0.908369, 0.908361, 0.913432, 0.913648, 0.914888, 0.914983, 0.91522, 0.915247, 0.915284, 0.91529, 0.915295, 0.915296, 0.915297, 0.915297, 0.915298, 0.915298, 0.915298, 0.915298, 0.915298, 0.915299, 0.915299, 0.915299, 0.915299, 0.915299, 0.9153, 0.9153, 0.9153, 0.9153, 0.9153, 0.915301, 0.915301, 0.915301, 0.915301, 0.915301, 0.915302, 0.915302, 0.915302, 0.915302, 0.915302, 0.915303, 0.915303, 0.915303, 0.915303, 0.915303, 0.915304, 0.915304, 0.915304, 0.915304, 0.915304, 0.915305, 0.915305, 0.915305, 0.915305, 0.915305, 0.915305, 0.915306, 0.915306, 0.915306, 0.915306, 0.915306, 0.915306, 0.915307, 0.915307, 0.915307, 0.915308, 0.915307, 0.915309, 0.915286, 0.915304, 0.915115, 0.915233, 0.914137, 0.914754, 0.910049, 0.912478, 0.897629, 0.9045, 0.871774, 0.884525, 0.839512, 0.851859, 0.82234, 0.821168, 0.822556, 0.804447, 0.821056, 0.795293, 9.65001
0.908339, 0.814564, 0.921735, 0.833086, 0.938959, 0.857619, 0.951458, 0.885803, 0.948309, 0.905663, 0.93476, 0.913648, 0.9232, 0.915325, 0.917618, 0.915373, 0.915806, 0.915305, 0.915381, 0.915292, 0.915307, 0.915294, 0.915298, 0.915297, 0.915298, 0.915298, 0.915298, 0.915298, 0.915298, 0.915299, 0.915299, 0.915299, 0.915299, 0.915299, 0.9153, 0.9153, 0.9153, 0.9153, 0.915301, 0.915301, 0.915301, 0.915301, 0.915301, 0.915302, 0.915302, 0.915302, 0.915302, 0.915302, 0.915303, 0.915303, 0.915303, 0.915303, 0.915304, 0.915304, 0.915304, 0.915304, 0.915304, 0.915305, 0.915305, 0.915305, 0.915305, 0.915305, 0.915306, 0.915306, 0.915306, 0.915306, 0.915306, 0.915306, 0.915307, 0.915307, 0.915307, 0.915307, 0.915307, 0.915308, 0.915308, 0.915308, 0.915309, 0.915308, 0.915312, 0.915303, 0.915321, 0.915255, 0.915344, 0.914941, 0.915395, 0.913393, 0.915537, 0.90769, 0.915943, 0.892506, 0.916452, 0.86506, 0.915339, 0.834338, 0.910213, 0.814065, 0.903222, 0.80401, 0.901344, 0.806063, 9.65001
0.83728, 0.859872, 0.838658, 0.865482, 0.843782, 0.876347, 0.855252, 0.88971, 0.876231, 0.902097, 0.896797, 0.910129, 0.908808, 0.913718, 0.913533, 0.914887, 0.914905, 0.915197, 0.915222, 0.915273, 0.915284, 0.915291, 0.915295, 0.915296, 0.915297, 0.915297, 0.915298, 0.915298, 0.915298, 0.915298, 0.915298, 0.915299, 0.915299, 0.915299, 0.915299, 0.915299, 0.9153, 0.9153, 0.9153, 0.9153, 0.9153, 0.915301, 0.915301, 0.915301, 0.915301, 0.915301, 0.915302, 0.915302, 0.915302, 0.915302, 0.915302, 0.915303, 0.915303, 0.915303, 0.915303, 0.915303, 0.915304, 0.915304, 0.915304, 0.915304, 0.915304, 0.915304, 0.915305, 0.915305, 0.915305, 0.915305, 0.915305, 0.915306, 0.915306, 0.915306, 0.915306, 0.915306, 0.915306, 0.915307, 0.915307, 0.915307, 0.915308, 0.915308, 0.91531, 0.91531, 0.915312, 0.915314, 0.915286, 0.915308, 0.915055, 0.915213, 0.913919, 0.91471, 0.909919, 0.912804, 0.899593, 0.907238, 0.88121, 0.895625, 0.861075, 0.880194, 0.848346, 0.867648, 0.841052, 0.860358, 9.65001
0.934499, 0.874249, 0.937631, 0.88358, 0.939092, 0.895849, 0.935937, 0.906857, 0.928496, 0.912907, 0.921373, 0.914925, 0.917312, 0.915267, 0.915769, 0.915267, 0.915367, 0.91527, 0.915299, 0.915284, 0.915295, 0.915293, 0.915296, 0.915296, 0.915297, 0.915297, 0.915298, 0.915298, 0.915298, 0.915298, 0.915299, 0.915299, 0.915299, 0.915299, 0.915299, 0.9153, 0.9153, 0.9153, 0.9153, 0.915301, 0.915301, 0.915301, 0.915301, 0.915301, 0.915302, 0.915302, 0.915302, 0.915302, 0.915302, 0.915303, 0.915303, 0.915303, 0.915303, 0.915303, 0.915304, 0.915304, 0.915304, 0.915304, 0.915304, 0.915305, 0.915305, 0.915305, 0.915305, 0.915305, 0.915305, 0.915306, 0.915306, 0.915306, 0.915306, 0.915306, 0.915307, 0.915307, 0.915307, 0.915307, 0.915307, 0.915307, 0.915308, 0.915308, 0.915311, 0.915309, 0.91532, 0.915306, 0.915337, 0.915256, 0.915365, 0.914941, 0.915449, 0.913618, 0.915874, 0.909581, 0.917244, 0.900729, 0.919891, 0.887713, 0.923224, 0.876033, 0.926413, 0.86976, 0.929853, 0.869605, 9.65001
0.875911, 0.897166, 0.877938, 0.899532, 0.88361, 0.903867, 0.892919, 0.908585, 0.903293, 0.912252, 0.910512, 0.914249, 0.91381, 0.914984, 0.914899, 0.915189, 0.915195, 0.915254, 0.915271, 0.915282, 0.915291, 0.915293, 0.915296, 0.915296, 0.915297, 0.915297, 0.915298, 0.915298, 0.915298, 0.915298, 0.915299, 0.915299, 0.915299, 0.915299, 0.915299, 0.9153, 0.9153, 0.9153, 0.9153, 0.9153, 0.915301, 0.915301, 0.915301, 0.915301, 0.915301, 0.915302, 0.915302, 0.915302, 0.915302, 0.915302, 0.915303, 0.915303, 0.915303, 0.915303, 0.915303, 0.915303, 0.915304, 0.915304, 0.915304, 0.915304, 0.915304, 0.915305, 0.915305, 0.915305, 0.915305, 0.915305, 0.915305, 0.915306, 0.915306, 0.915306, 0.915306, 0.915306, 0.915306, 0.915307, 0.915307, 0.915307, 0.915308, 0.915308, 0.915311, 0.91531, 0.915318, 0.915316, 0.915324, 0.915321, 0.915282, 0.915301, 0.91501, 0.915183, 0.914009, 0.914807, 0.911096, 0.913658, 0.904577, 0.910724, 0.894727, 0.905859, 0.885346, 0.900862, 0.878967, 0.897527, 9.65001
0.926466, 0.902701, 0.926609, 0.906154, 0.925242, 0.910351, 0.922196, 0.913403, 0.918908, 0.914803, 0.916703, 0.915221, 0.915665, 0.915261, 0.915331, 0.91525, 0.915275, 0.915265, 0.915284, 0.915283, 0.915293, 0.915293, 0.915296, 0.915296, 0.915297, 0.915297, 0.915298, 0.915298, 0.915298, 0.915298, 0.915299, 0.915299, 0.915299, 0.915299, 0.915299, 0.9153, 0.9153, 0.9153, 0.9153, 0.9153, 0.915301, 0.915301, 0.915301, 0.915301, 0.915301, 0.915302, 0.915302, 0.915302, 0.915302, 0.915302, 0.915303, 0.915303, 0.915303, 0.915303, 0.915303, 0.915304, 0.915304, 0.915304, 0.915304, 0.915304, 0.915305, 0.915305, 0.915305, 0.915305, 0.915305, 0.915305, 0.915306, 0.915306, 0.915306, 0.915306, 0.915306, 0.915306, 0.915307, 0.915307, 0.915307, 0.915307, 0.915308, 0.915308, 0.915311, 0.91531, 0.915319, 0.915315, 0.915333, 0.915314, 0.915341, 0.915256, 0.915333, 0.914984, 0.915427, 0.914134, 0.915951, 0.912043, 0.917191, 0.908246, 0.919262, 0.903971, 0.921945, 0.90132, 0.924438, 0.900984, 9.65001
0.901646, 0.910848, 0.902715, 0.911502, 0.905543, 0.912739, 0.909266, 0.913914, 0.912508, 0.91472, 0.914329, 0.915118, 0.914992, 0.91522, 0.915181, 0.91524, 0.915249, 0.915263, 0.91528, 0.915283, 0.915292, 0.915293, 0.915296, 0.915296, 0.915297, 0.915297, 0.915298, 0.915298, 0.915298, 0.915298, 0.915299, 0.915299, 0.915299, 0.915299, 0.915299, 0.9153, 0.9153, 0.9153, 0.9153, 0.9153, 0.915301, 0.915301, 0.915301, 0.915301, 0.915301, 0.915302, 0.915302, 0.915302, 0.915302, 0.915302, 0.915303, 0.915303, 0.915303, 0.915303, 0.915303, 0.915304, 0.915304, 0.915304, 0.915304, 0.915304, 0.915304, 0.915305, 0.915305, 0.915305, 0.915305, 0.915305, 0.915306, 0.915306, 0.915306, 0.915306, 0.915306, 0.915306, 0.915307, 0.915307, 0.915307, 0.915307, 0.915308, 0.915308, 0.915311, 0.91531, 0.915318, 0.915316, 0.915331, 0.915323, 0.915326, 0.915314, 0.915246, 0.915263, 0.915015, 0.915183, 0.914415, 0.915027, 0.912783, 0.914455, 0.909675, 0.913329, 0.905998, 0.912012, 0.903014, 0.910934, 9.65001
0.918976, 0.912321, 0.91879, 0.913243, 0.918048, 0.914309, 0.916912, 0.914934, 0.916028, 0.915191, 0.915549, 0.915277, 0.915317, 0.915261, 0.915249, 0.915248, 0.91526, 0.915264, 0.915281, 0.915283, 0.915292, 0.915293, 0.915296, 0.915296, 0.915297, 0.915297, 0.915298, 0.915298, 0.915298, 0.915298, 0.915299, 0.915299, 0.915299, 0.915299, 0.915299, 0.9153, 0.9153, 0.9153, 0.9153, 0.915301, 0.915301, 0.915301, 0.915301, 0.915301, 0.915302, 0.915302, 0.915302, 0.915302, 0.915302, 0.915302, 0.915303, 0.915303, 0.915303, 0.915303, 0.915303, 0.915304, 0.915304, 0.915304, 0.915304, 0.915304, 0.915305, 0.915305, 0.915305, 0.915305, 0.915305, 0.915305, 0.915306, 0.915306, 0.915306, 0.915306, 0.915306, 0.915306, 0.915307, 0.915307, 0.915307, 0.915307, 0.915308, 0.915308, 0.915311, 0.91531, 0.915319, 0.915316, 0.915332, 0.915322, 0.915335, 0.915308, 0.915299, 0.915234, 0.915277, 0.915071, 0.915424, 0.914716, 0.915774, 0.913885, 0.916379, 0.912759, 0.917387, 0.911998, 0.918326, 0.911812, 9.65001
0.911782, 0.914442, 0.912134, 0.914547, 0.91305, 0.914836, 0.914022, 0.915044, 0.914774, 0.915185, 0.915136, 0.915264, 0.915212, 0.915256, 0.915228, 0.915247, 0.915257, 0.915264, 0.915281, 0.915283, 0.915292, 0.915293, 0.915296, 0.915296, 0.915297, 0.915298, 0.915298, 0.915298, 0.915298, 0.915298, 0.915299, 0.915299, 0.915299, 0.915299, 0.9153, 0.9153, 0.9153, 0.9153, 0.9153, 0.915301, 0.915301, 0.915301, 0.915301, 0.915301, 0.915302, 0.915302, 0.915302, 0.915302, 0.915302, 0.915303, 0.915303, 0.915303, 0.915303, 0.915303, 0.915303, 0.915304, 0.915304, 0.915304, 0.915304, 0.915304, 0.915305, 0.915305, 0.915305, 0.915305, 0.915305, 0.915305, 0.915306, 0.915306, 0.915306, 0.915306, 0.915306, 0.915306, 0.915307, 0.915307, 0.915307, 0.915307, 0.915308, 0.915308, 0.915311, 0.91531, 0.915319, 0.915316, 0.915332, 0.915324, 0.915333, 0.915316, 0.915286, 0.915274, 0.915207, 0.915241, 0.915134, 0.915257, 0.914842, 0.915162, 0.914094, 0.914939, 0.913141, 0.914714, 0.912202, 0.914412, 9.65001
0.91615, 0.914741, 0.916058, 0.914899, 0.91586, 0.91513, 0.915554, 0.915215, 0.9154, 0.915255, 0.91533, 0.915285, 0.915259, 0.915261, 0.915237, 0.915248, 0.915258, 0.915264, 0.915281, 0.915283, 0.915292, 0.915293, 0.915296, 0.915296, 0.915297, 0.915298, 0.915298, 0.915298, 0.915298, 0.915299, 0.915299, 0.915299, 0.915299, 0.915299, 0.9153, 0.9153, 0.9153, 0.9153, 0.9153, 0.915301, 0.915301, 0.915301, 0.915301, 0.915301, 0.915302, 0.915302, 0.915302, 0.915302, 0.915302, 0.915303, 0.915303, 0.915303, 0.915303, 0.915303, 0.915304, 0.915304, 0.915304, 0.915304, 0.915304, 0.915304, 0.915305, 0.915305, 0.915305, 0.915305, 0.915305, 0.915305, 0.915306, 0.915306, 0.915306, 0.915306, 0.915306, 0.915306, 0.915307, 0.915307, 0.915307, 0.915307, 0.915308, 0.915308, 0.915311, 0.91531, 0.915319, 0.915316, 0.915332, 0.915324, 0.915334, 0.915315, 0.915293, 0.915271, 0.915246, 0.915225, 0.9153, 0.915209, 0.915391, 0.915061, 0.915475, 0.914815, 0.915754, 0.914684, 0.915983, 0.91458, 9.65001
0.91458, 0.915166, 0.914654, 0.915144, 0.914887, 0.915221, 0.915048, 0.915233, 0.915202, 0.915255, 0.915272, 0.915284, 0.915245, 0.91526, 0.915235, 0.915247, 0.915258, 0.915264, 0.915281, 0.915283, 0.915292, 0.915293, 0.915296, 0.915297, 0.915297, 0.915298, 0.915298, 0.915298, 0.915298, 0.915299, 0.915299, 0.915299, 0.915299, 0.915299, 0.9153, 0.9153, 0.9153, 0.9153, 0.9153, 0.915301, 0.915301, 0.915301, 0.915301, 0.915301, 0.915302, 0.915302, 0.915302, 0.915302, 0.915302, 0.915303, 0.915303, 0.915303, 0.915303, 0.915303, 0.915304, 0.915304, 0.915304, 0.915304, 0.915304, 0.915304, 0.915305, 0.915305, 0.915305, 0.915305, 0.915305, 0.915306, 0.915306, 0.915306, 0.915306, 0.915306, 0.915306, 0.915307, 0.915307, 0.915307, 0.915307, 0.915307, 0.915308, 0.915308, 0.915311, 0.91531, 0.915319, 0.915316, 0.915332, 0.915324, 0.915334, 0.915316, 0.915292, 0.915276, 0.915237, 0.915248, 0.915257, 0.915288, 0.915237, 0.915269, 0.915057, 0.915211, 0.914902, 0.915219, 0.91467, 0.915105, 9.65001
0.915436, 0.915215, 0.915401, 0.915201, 0.915383, 0.915266, 0.915293, 0.915257, 0.915293, 0.915264, 0.915297, 0.915287, 0.915251, 0.915261, 0.915236, 0.915248, 0.915258, 0.915264, 0.915281, 0.915283, 0.915293, 0.915293, 0.915296, 0.915297, 0.915297, 0.915298, 0.915298, 0.915298, 0.915298, 0.915299, 0.915299, 0.915299, 0.915299, 0.915299, 0.9153, 0.9153, 0.9153, 0.9153, 0.9153, 0.915301, 0.915301, 0.915301, 0.915301, 0.915301, 0.915302, 0.915302, 0.915302, 0.915302, 0.915302, 0.915303, 0.915303, 0.915303, 0.915303, 0.915303, 0.915304, 0.915304, 0.915304, 0.915304, 0.915304, 0.915305, 0.915305, 0.915305, 0.915305, 0.915305, 0.915305, 0.915306, 0.915306, 0.915306, 0.915306, 0.915306, 0.915306, 0.915307, 0.915307, 0.915307, 0.915307, 0.915307, 0.915308, 0.915308, 0.915311, 0.91531, 0.915319, 0.915316, 0.915332, 0.915324, 0.915334, 0.915316, 0.915292, 0.915276, 0.915241, 0.915246, 0.915279, 0.915282, 0.915318, 0.915255, 0.915283, 0.91519, 0.91537, 0.91521, 0.915395, 0.91513, 9.65001
0.915165, 0.915283, 0.915166, 0.915238, 0.915232, 0.915278, 0.915221, 0.915259, 0.915267, 0.915264, 0.915291, 0.915287, 0.915249, 0.915261, 0.915236, 0.915248, 0.915258, 0.915264, 0.915281, 0.915283, 0.915293, 0.915293, 0.915296, 0.915297, 0.915298, 0.915298, 0.915298, 0.915298, 0.915298, 0.915299, 0.915299, 0.915299, 0.915299, 0.9153, 0.9153, 0.9153, 0.9153, 0.9153, 0.915301, 0.915301, 0.915301, 0.915301, 0.915301, 0.915302, 0.915302, 0.915302, 0.915302, 0.915302, 0.915302, 0.915303, 0.915303, 0.915303, 0.915303, 0.915303, 0.915304, 0.915304, 0.915304, 0.915304, 0.915304, 0.915305, 0.915305, 0.915305, 0.915305, 0.915305, 0.915305, 0.915306, 0.915306, 0.915306, 0.915306, 0.915306, 0.915306, 0.915307, 0.915307, 0.915307, 0.915307, 0.915307, 0.915308, 0.915308, 0.915311, 0.91531, 0.915319, 0.915316, 0.915332, 0.915324, 0.915334, 0.915316, 0.915292, 0.915276, 0.91524, 0.915249, 0.915274, 0.915292, 0.915297, 0.915283, 0.915221, 0.915248, 0.915234, 0.915294, 0.915173, 0.915215, 9.65001
0.915301, 0.915289, 0.915281, 0.915246, 0.915303, 0.915284, 0.915254, 0.915262, 0.915278, 0.915265, 0.915293, 0.915287, 0.91525, 0.915261, 0.915236, 0.915248, 0.915258, 0.915264, 0.915281, 0.915284, 0.915293, 0.915293, 0.915296, 0.915297, 0.915298, 0.915298, 0.915298, 0.915298, 0.915299, 0.915299, 0.915299, 0.915299, 0.915299, 0.9153, 0.9153, 0.9153, 0.9153, 0.9153, 0.915301, 0.915301, 0.915301, 0.915301, 0.915301, 0.915302, 0.915302, 0.915302, 0.915302, 0.915302, 0.915303, 0.915303, 0.915303, 0.915303, 0.915303, 0.915303, 0.915304, 0.915304, 0.915304, 0.915304, 0.915304, 0.915305, 0.915305, 0.915305, 0.915305, 0.915305, 0.915305, 0.915306, 0.915306, 0.915306, 0.915306, 0.915306, 0.915306, 0.915307, 0.915307, 0.915307, 0.915307, 0.915307, 0.915308, 0.915308, 0.915311, 0.91531, 0.915319, 0.915316, 0.915332, 0.915324, 0.915334, 0.915316, 0.915292, 0.915276, 0.915241, 0.915248, 0.915276, 0.915291, 0.915307, 0.915281, 0.915251, 0.915245, 0.915302, 0.915293, 0.915285, 0.915219, 9.65001
0.915262, 0.915298, 0.915249, 0.91525, 0.915284, 0.915285, 0.915245, 0.915262, 0.915276, 0.915265, 0.915293, 0.915287, 0.91525, 0.915261, 0.915236, 0.915248, 0.915258, 0.915264, 0.915282, 0.915284, 0.915293, 0.915293, 0.915296, 0.915297, 0.915298, 0.915298, 0.915298, 0.915298, 0.915299, 0.915299, 0.915299, 0.915299, 0.915299, 0.9153, 0.9153, 0.9153, 0.9153, 0.9153, 0.915301, 0.915301, 0.915301, 0.915301, 0.915301, 0.915302, 0.915302, 0.915302, 0.915302, 0.915302, 0.915303, 0.915303, 0.915303, 0.915303, 0.915303, 0.915304, 0.915304, 0.915304, 0.915304, 0.915304, 0.915304, 0.915305, 0.915305, 0.915305, 0.915305, 0.915305, 0.915306, 0.915306, 0.915306, 0.915306, 0.915306, 0.915306, 0.915307, 0.915307, 0.915307, 0.915307, 0.915307, 0.915307, 0.915308, 0.915308, 0.915311, 0.915311, 0.915319, 0.915316, 0.915332, 0.915324, 0.915334, 0.915317, 0.915293, 0.915276, 0.915241, 0.915249, 0.915276, 0.915292, 0.915305, 0.915284, 0.915244, 0.915253, 0.915284, 0.915304, 0.915254, 0.91523, 9.65001
0.91528, 0.915299, 0.915264, 0.915251, 0.915292, 0.915286, 0.915249, 0.915263, 0.915277, 0.915265, 0.915293, 0.915287, 0.91525, 0.915261, 0.915236, 0.915248, 0.915258, 0.915265, 0.915282, 0.915284, 0.915293, 0.915293, 0.915296, 0.915297, 0.915298, 0.915298, 0.915298, 0.915298, 0.915299, 0.915299, 0.915299, 0.915299, 0.915299, 0.9153, 0.9153, 0.9153, 0.9153, 0.9153, 0.915301, 0.915301, 0.915301, 0.915301, 0.915301, 0.915302, 0.915302, 0.915302, 0.915302, 0.915302, 0.915303, 0.915303, 0.915303, 0.915303, 0.915303, 0.915304, 0.915304, 0.915304, 0.915304, 0.915304, 0.915304, 0.915305, 0.915305, 0.915305, 0.915305, 0.915305, 0.915306, 0.915306, 0.915306, 0.915306, 0.915306, 0.915306, 0.915307, 0.915307, 0.915307, 0.915307, 0.915307, 0.915307, 0.915308, 0.915308, 0.915311, 0.915311, 0.915319, 0.915316, 0.915332, 0.915324, 0.915334, 0.915317, 0.915293, 0.915276, 0.915241, 0.915249, 0.915276, 0.915292, 0.915306, 0.915284, 0.915247, 0.915252, 0.915293, 0.915303, 0.915268, 0.91523, 9.65001
0.915276, 0.9153, 0.91526, 0.915252, 0.91529, 0.915286, 0.915248, 0.915263, 0.915277, 0.915265, 0.915293, 0.915287, 0.91525, 0.915261, 0.915236, 0.915248, 0.915258, 0.915265, 0.915282, 0.915284, 0.915293, 0.915293, 0.915297, 0.915297, 0.915298, 0.915298, 0.915298, 0.915298, 0.915299, 0.915299, 0.915299, 0.915299, 0.9153, 0.9153, 0.9153, 0.9153, 0.9153, 0.915301, 0.915301, 0.915301, 0.915301, 0.915301, 0.915302, 0.915302, 0.915302, 0.915302, 0.915302, 0.915302, 0.915303, 0.915303, 0.915303, 0.915303, 0.915303, 0.915304, 0.915304, 0.915304, 0.915304, 0.915304, 0.915305, 0.915305, 0.915305, 0.915305, 0.915305, 0.915305, 0.915306, 0.915306, 0.915306, 0.915306, 0.915306, 0.915306, 0.915307, 0.915307, 0.915307, 0.915307, 0.915307, 0.915307, 0.915308, 0.915308, 0.915311, 0.915311, 0.915319, 0.915316, 0.915332, 0.915324, 0.915334, 0.915317, 0.915293, 0.915276, 0.915241, 0.915249, 0.915276, 0.915292, 0.915306, 0.915284, 0.915247, 0.915253, 0.915291, 0.915305, 0.915265, 0.915232, 9.65001
0.915278, 0.9153, 0.915262, 0.915252, 0.915291, 0.915286, 0.915248, 0.915263, 0.915277, 0.915265, 0.915293, 0.915287, 0.91525, 0.915261, 0.915236, 0.915248, 0.915259, 0.915265, 0.915282, 0.915284, 0.915293, 0.915293, 0.915297, 0.915297, 0.915298, 0.915298, 0.915298, 0.915299, 0.915299, 0.915299, 0.915299, 0.915299, 0.9153, 0.9153, 0.9153, 0.9153, 0.9153, 0.915301, 0.915301, 0.915301, 0.915301, 0.915301, 0.915302, 0.915302, 0.915302, 0.915302, 0.915302, 0.915303, 0.915303, 0.915303, 0.915303, 0.915303, 0.915303, 0.915304, 0.915304, 0.915304, 0.915304, 0.915304, 0.915305, 0.915305, 0.915305, 0.915305, 0.915305, 0.915305, 0.915306, 0.915306, 0.915306, 0.915306, 0.915306, 0.915306, 0.915307, 0.915307, 0.915307, 0.915307, 0.915307, 0.915307, 0.915308, 0.915308, 0.915311, 0.915311, 0.915319, 0.915316, 0.915332, 0.915324, 0.915334, 0.915317, 0.915293, 0.915276, 0.915241, 0.915249, 0.915276, 0.915292, 0.915306, 0.915284, 0.915247, 0.915253, 0.915292, 0.915305, 0.915266, 0.915232, 9.65001
0.915277, 0.9153, 0.915261, 0.915252, 0.915291, 0.915286, 0.915248, 0.915263, 0.915277, 0.915265, 0.915293, 0.915287, 0.91525, 0.915261, 0.915236, 0.915248, 0.915259, 0.915265, 0.915282, 0.915284, 0.915293, 0.915294, 0.915297, 0.915297, 0.915298, 0.915298, 0.915298, 0.915299, 0.915299, 0.915299, 0.915299, 0.915299, 0.9153, 0.9153, 0.9153, 0.9153, 0.9153, 0.915301, 0.915301, 0.915301, 0.915301, 0.915301, 0.915302, 0.915302, 0.915302, 0.915302, 0.915302, 0.915303, 0.915303, 0.915303, 0.915303, 0.915303, 0.915304, 0.915304, 0.915304, 0.915304, 0.915304, 0.915304, 0.915305, 0.915305, 0.915305, 0.915305, 0.915305, 0.915305, 0.915306, 0.915306, 0.915306, 0.915306, 0.915306, 0.915306, 0.915307, 0.915307, 0.915307, 0.915307, 0.915307, 0.915308, 0.915308, 0.915308, 0.915311, 0.915311, 0.915319, 0.915316, 0.915332, 0.915324, 0.915334, 0.915317, 0.915293, 0.915276, 0.915241, 0.915249, 0.915276, 0.915293, 0.915306, 0.915285, 0.915247, 0.915253, 0.915292, 0.915305, 0.915266, 0.915232, 9.65001
0.915278, 0.9153, 0.915261, 0.915252, 0.915291, 0.915287, 0.915248, 0.915263, 0.915277, 0.915265, 0.915293, 0.915287, 0.91525, 0.915261, 0.915236, 0.915248, 0.915259, 0.915265, 0.915282, 0.915284, 0.915293, 0.915294, 0.915297, 0.915297, 0.915298, 0.915298, 0.915298, 0.915299, 0.915299, 0.915299, 0.915299, 0.915299, 0.9153, 0.9153, 0.9153, 0.9153, 0.9153, 0.915301, 0.915301, 0.915301, 0.915301, 0.915301, 0.915302, 0.915302, 0.915302, 0.915302, 0.915302, 0.915303, 0.915303, 0.915303, 0.915303, 0.915303, 0.915304, 0.915304, 0.915304, 0.915304, 0.915304, 0.915304, 0.915305, 0.915305, 0.915305, 0.915305, 0.915305, 0.915306, 0.915306, 0.915306, 0.915306, 0.915306, 0.915306, 0.915307, 0.915307, 0.915307, 0.915307, 0.915307, 0.915307, 0.915308, 0.915308, 0.915308, 0.915311, 0.915311, 0.915319, 0.915316, 0.915332, 0.915324, 0.915334, 0.915317, 0.915293, 0.915276, 0.915241, 0.915249, 0.915276, 0.915293, 0.915306, 0.915285, 0.915247, 0.915253, 0.915292, 0.915305, 0.915266, 0.915232, 9.65001
0.915278, 0.9153, 0.915261, 0.915252, 0.915291, 0.915287, 0.915248, 0.915263, 0.915277, 0.915265, 0.915293, 0.915287, 0.915251, 0.915261, 0.915236, 0.915248, 0.915259, 0.915265, 0.915282, 0.915284, 0.915293, 0.915294, 0.915297, 0.915297, 0.915298, 0.915298, 0.915298, 0.915299, 0.915299, 0.915299, 0.915299, 0.915299, 0.9153, 0.9153, 0.9153, 0.9153, 0.9153, 0.915301, 0.915301, 0.915301, 0.915301, 0.915301, 0.915302, 0.915302, 0.915302, 0.915302, 0.915302, 0.915303, 0.915303, 0.915303, 0.915303, 0.915303, 0.915304, 0.915304, 0.915304, 0.915304, 0.915304, 0.915305, 0.915305, 0.915305, 0.915305, 0.915305, 0.915305, 0.915306, 0.915306, 0.915306, 0.915306, 0.915306, 0.915306, 0.915307, 0.915307, 0.915307, 0.915307, 0.915307, 0.915307, 0.915308, 0.915308, 0.915308, 0.915311, 0.915311, 0.915319, 0.915317, 0.915332, 0.915324, 0.915334, 0.915317, 0.915293, 0.915277, 0.915241, 0.915249, 0.915276, 0.915293, 0.915306, 0.915285, 0.915247, 0.915253, 0.915292, 0.915305, 0.915266, 0.915232, 9.65001
0.915278, 0.9153, 0.915262, 0.915252, 0.915291, 0.915287, 0.915248, 0.915263, 0.915277, 0.915265, 0.915294, 0.915287, 0.915251, 0.915262, 0.915236, 0.915248, 0.915259, 0.915265, 0.915282, 0.915284, 0.915293, 0.915294, 0.915297, 0.915297, 0.915298, 0.915298, 0.915299, 0.915299, 0.915299, 0.915299, 0.915299, 0.9153, 0.9153, 0.9153, 0.9153, 0.9153, 0.915301, 0.915301, 0.915301, 0.915301, 0.915301, 0.915302, 0.915302, 0.915302, 0.915302, 0.915302, 0.915303, 0.915303, 0.915303, 0.915303, 0.915303, 0.915303, 0.915304, 0.915304, 0.915304, 0.915304, 0.915304, 0.915305, 0.915305, 0.915305, 0.915305, 0.915305, 0.915305, 0.915306, 0.915306, 0.915306, 0.915306, 0.915306, 0.915306, 0.915307, 0.915307, 0.915307, 0.915307, 0.915307, 0.915307, 0.915308, 0.915308, 0.915308, 0.915311, 0.915311, 0.915319, 0.915317, 0.915332, 0.915324, 0.915334, 0.915317, 0.915293, 0.915277, 0.915241, 0.915249, 0.915276, 0.915293, 0.915306, 0.915285, 0.915247, 0.915253, 0.915292, 0.915305, 0.915266, 0.915232, 9.65001
0.915278, 0.915301, 0.915262, 0.915252, 0.915291, 0.915287, 0.915249, 0.915263, 0.915277, 0.915265, 0.915294, 0.915288, 0.915251, 0.915262, 0.915236, 0.915248, 0.915259, 0.915265, 0.915282, 0.915284, 0.915293, 0.915294, 0.915297, 0.915297, 0.915298, 0.915298, 0.915299, 0.915299, 0.915299, 0.915299, 0.915299, 0.9153, 0.9153, 0.9153, 0.9153, 0.9153, 0.915301, 0.915301, 0.915301, 0.915301, 0.915301, 0.915302, 0.915302, 0.915302, 0.915302, 0.915302, 0.915303, 0.915303, 0.915303, 0.915303, 0.915303, 0.915303, 0.915304, 0.915304, 0.915304, 0.915304, 0.915304, 0.915305, 0.915305, 0.915305, 0.915305, 0.915305, 0.915305, 0.915306, 0.915306, 0.915306, 0.915306, 0.915306, 0.915306, 0.915307, 0.915307, 0.915307, 0.915307, 0.915307, 0.915308, 0.915308, 0.915308, 0.915308, 0.915311, 0.915311, 0.915319, 0.915317, 0.915332, 0.915324, 0.915334, 0.915317, 0.915293, 0.915277, 0.915241, 0.915249, 0.915276, 0.915293, 0.915306, 0.915285, 0.915247, 0.915253, 0.915292, 0.915305, 0.915266, 0.915232, 9.65001
0.915278, 0.915301, 0.915262, 0.915252, 0.915291, 0.915287, 0.915249, 0.915263, 0.915277, 0.915265, 0.915294, 0.915288, 0.915251, 0.915262, 0.915236, 0.915248, 0.915259, 0.915265, 0.915282, 0.915284, 0.915293, 0.915294, 0.915297, 0.915297, 0.915298, 0.915298, 0.915299, 0.915299, 0.915299, 0.915299, 0.915299, 0.9153, 0.9153, 0.9153, 0.9153, 0.9153, 0.915301, 0.915301, 0.915301, 0.915301, 0.915301, 0.915302, 0.915302, 0.915302, 0.915302, 0.915302, 0.915303, 0.915303, 0.915303, 0.915303, 0.915303, 0.915304, 0.915304, 0.915304, 0.915304, 0.915304, 0.915304, 0.915305, 0.915305, 0.915305, 0.915305, 0.915305, 0.915305, 0.915306, 0.915306, 0.915306, 0.915306, 0.915306, 0.915306, 0.915307, 0.915307, 0.915307, 0.915307, 0.915307, 0.915308, 0.915308, 0.915308, 0.915308, 0.915311, 0.915311, 0.915319, 0.915317, 0.915332, 0.915324, 0.915334, 0.915317, 0.915293, 0.915277, 0.915241, 0.915249, 0.915276, 0.915293, 0.915306, 0.915285, 0.915247, 0.915253, 0.915292, 0.915305, 0.915266, 0.915232, 9.65001
0.915278, 0.915301, 0.915262, 0.915252, 0.915291, 0.915287, 0.915249, 0.915263, 0.915277, 0.915265, 0.915294, 0.915288, 0.915251, 0.915262, 0.915236, 0.915248, 0.915259, 0.915265, 0.915282, 0.915284, 0.915293, 0.915294, 0.915297, 0.915297, 0.915298, 0.915298, 0.915299, 0.915299, 0.915299, 0.915299, 0.915299, 0.9153, 0.9153, 0.9153, 0.9153, 0.9153, 0.915301, 0.915301, 0.915301, 0.915301, 0.915301, 0.915302, 0.915302, 0.915302, 0.915302, 0.915302, 0.915303, 0.915303, 0.915303, 0.915303, 0.915303, 0.915304, 0.915304, 0.915304, 0.915304, 0.915304, 0.915304, 0.915305, 0.915305, 0.915305, 0.915305, 0.915305, 0.915306, 0.915306, 0.915306, 0.915306, 0.915306, 0.915306, 0.915307, 0.915307, 0.915307, 0.915307, 0.915307, 0.915307, 0.915308, 0.915308, 0.915308, 0.915309, 0.915311, 0.915311, 0.915319, 0.915317, 0.915332, 0.915324, 0.915334, 0.915317, 0.915293, 0.915277, 0.915241, 0.915249, 0.915276, 0.915293, 0.915306, 0.915285, 0.915247, 0.915253, 0.915292, 0.915305, 0.915267, 0.915232, 9.65001
0.915278, 0.915301, 0.915262, 0.915252, 0.915292, 0.915287, 0.915249, 0.915263, 0.915277, 0.915266, 0.915294, 0.915288, 0.915251, 0.915262, 0.915236, 0.915248, 0.915259, 0.915265, 0.915282, 0.915284, 0.915293, 0.915294, 0.915297, 0.915297, 0.915298, 0.915298, 0.915299, 0.915299, 0.915299, 0.915299, 0.9153, 0.9153, 0.9153, 0.9153, 0.9153, 0.915301, 0.915301, 0.915301, 0.915301, 0.915301, 0.915302, 0.915302, 0.915302, 0.915302, 0.915302, 0.915302, 0.915303, 0.915303, 0.915303, 0.915303, 0.915303, 0.915304, 0.915304, 0.915304, 0.915304, 0.915304, 0.915305, 0.915305, 0.915305, 0.915305, 0.915305, 0.915305, 0.915306, 0.915306, 0.915306, 0.915306, 0.915306, 0.915306, 0.915307, 0.915307, 0.915307, 0.915307, 0.915307, 0.915307, 0.915308, 0.915308, 0.915309, 0.915309, 0.915311, 0.915311, 0.915319, 0.915317, 0.915332, 0.915324, 0.915334, 0.915317, 0.915293, 0.915277, 0.915241, 0.915249, 0.915277, 0.915293, 0.915306, 0.915285, 0.915248, 0.915253, 0.915292, 0.915305, 0.915267, 0.915232, 9.65001
0.915278, 0.915301, 0.915262, 0.915252, 0.915292, 0.915287, 0.915249, 0.915263, 0.915277, 0.915266, 0.915294, 0.915288, 0.915251, 0.915262, 0.915237, 0.915249, 0.915259, 0.915265, 0.915282, 0.915284, 0.915293, 0.915294, 0.915297, 0.915297, 0.915298, 0.915298, 0.915299, 0.915299, 0.915299, 0.915299, 0.9153, 0.9153, 0.9153, 0.9153, 0.9153, 0.915301, 0.915301, 0.915301, 0.915301, 0.915301, 0.915302, 0.915302, 0.915302, 0.915302, 0.915302, 0.915303, 0.915303, 0.915303, 0.915303, 0.915303, 0.915303, 0.915304, 0.915304, 0.915304, 0.915304, 0.915304, 0.915305, 0.915305, 0.915305, 0.915305, 0.915305, 0.915305, 0.915306, 0.915306, 0.915306, 0.915306, 0.915306, 0.915306, 0.915307, 0.915307, 0.915307, 0.915307, 0.915307, 0.915307, 0.915308, 0.915308, 0.915309, 0.915309, 0.915311, 0.915311, 0.915319, 0.915317, 0.915333, 0.915324, 0.915334, 0.915317, 0.915293, 0.915277, 0.915242, 0.915249, 0.915277, 0.915293, 0.915307, 0.915285, 0.915248, 0.915254, 0.915292, 0.915305, 0.915267, 0.915232, 9.65001
0.915278, 0.915301, 0.915262, 0.915253, 0.915292, 0.915287, 0.915249, 0.915263, 0.915277, 0.915266, 0.915294, 0.915288, 0.915251, 0.915262, 0.915237, 0.915249, 0.915259, 0.915265, 0.915282, 0.915284, 0.915293, 0.915294, 0.915297, 0.915297, 0.915298, 0.915298, 0.915299, 0.915299, 0.915299, 0.915299, 0.9153, 0.9153, 0.9153, 0.9153, 0.9153, 0.915301, 0.915301, 0.915301, 0.915301, 0.915301, 0.915302, 0.915302, 0.915302, 0.915302, 0.915302, 0.915303, 0.915303, 0.915303, 0.915303, 0.915303, 0.915304, 0.915304, 0.915304, 0.915304, 0.915304, 0.915304, 0.915305, 0.915305, 0.915305, 0.915305, 0.915305, 0.915305, 0.915306, 0.915306, 0.915306, 0.915306, 0.915306, 0.915306, 0.915307, 0.915307, 0.915307, 0.915307, 0.915307, 0.915307, 0.915308, 0.915308, 0.915309, 0.915309, 0.915311, 0.915311, 0.915319, 0.915317, 0.915333, 0.915324, 0.915334, 0.915317, 0.915293, 0.915277, 0.915242, 0.915249, 0.915277, 0.915293, 0.915307, 0.915285, 0.915248, 0.915254, 0.915292, 0.915305, 0.915267, 0.915232, 9.65001
0.915278, 0.915301, 0.915262, 0.915253, 0.915292, 0.915287, 0.915249, 0.915263, 0.915277, 0.915266, 0.915294, 0.915288, 0.915251, 0.915262, 0.915237, 0.915249, 0.915259, 0.915265, 0.915282, 0.915284, 0.915293, 0.915294, 0.915297, 0.915297, 0.915298, 0.915299, 0.915299, 0.915299, 0.915299, 0.915299, 0.9153, 0.9153, 0.9153, 0.9153, 0.9153, 0.915301, 0.915301, 0.915301, 0.915301, 0.915301, 0.915302, 0.915302, 0.915302, 0.915302, 0.915302, 0.915303, 0.915303, 0.915303, 0.915303, 0.915303, 0.915304, 0.915304, 0.915304, 0.915304, 0.915304, 0.915304, 0.915305, 0.915305, 0.915305, 0.915305, 0.915305, 0.915306, 0.915306, 0.915306, 0.915306, 0.915306, 0.915306, 0.915307, 0.915307, 0.915307, 0.915307, 0.915307, 0.915307, 0.915307, 0.915308, 0.915308, 0.915309, 0.915309, 0.915311, 0.915311, 0.915319, 0.915317, 0.915333, 0.915324, 0.915334, 0.915317, 0.915293, 0.915277, 0.915242, 0.915249, 0.915277, 0.915293, 0.915307, 0.915285, 0.915248, 0.915254, 0.915292, 0.915305, 0.915267, 0.915233, 9.65001
0.915278, 0.915301, 0.915262, 0.915253, 0.915292, 0.915287, 0.915249, 0.915263, 0.915277, 0.915266, 0.915294, 0.915288, 0.915251, 0.915262, 0.915237, 0.915249, 0.915259, 0.915265, 0.915282, 0.915284, 0.915293, 0.915294, 0.915297, 0.915297, 0.915298, 0.915299, 0.915299, 0.915299, 0.915299, 0.9153, 0.9153, 0.9153, 0.9153, 0.9153, 0.915301, 0.915301, 0.915301, 0.915301, 0.915301, 0.915301, 0.915302, 0.915302, 0.915302, 0.915302, 0.915302, 0.915303, 0.915303, 0.915303, 0.915303, 0.915303, 0.915304, 0.915304, 0.915304, 0.915304, 0.915304, 0.915304, 0.915305, 0.915305, 0.915305, 0.915305, 0.915305, 0.915306, 0.915306, 0.915306, 0.915306, 0.915306, 0.915306, 0.915307, 0.915307, 0.915307, 0.915307, 0.915307, 0.915307, 0.915307, 0.915308, 0.915308, 0.915309, 0.915309, 0.915311, 0.915311, 0.915319, 0.915317, 0.915333, 0.915324, 0.915334, 0.915317, 0.915293, 0.915277, 0.915242, 0.91525, 0.915277, 0.915293, 0.915307, 0.915285, 0.915248, 0.915254, 0.915292, 0.915306, 0.915267, 0.915233, 9.65001
0.915278, 0.915301, 0.915262, 0.915253, 0.915292, 0.915287, 0.915249, 0.915264, 0.915278, 0.915266, 0.915294, 0.915288, 0.915251, 0.915262, 0.915237, 0.915249, 0.915259, 0.915265, 0.915282, 0.915284, 0.915293, 0.915294, 0.915297, 0.915298, 0.915298, 0.915299, 0.915299, 0.915299, 0.915299, 0.9153, 0.9153, 0.9153, 0.9153, 0.9153, 0.915301, 0.915301, 0.915301, 0.915301, 0.915301, 0.915302, 0.915302, 0.915302, 0.915302, 0.915302, 0.915303, 0.915303, 0.915303, 0.915303, 0.915303, 0.915303, 0.915304, 0.915304, 0.915304, 0.915304, 0.915304, 0.915305, 0.915305, 0.915305, 0.915305, 0.915305, 0.915305, 0.915306, 0.915306, 0.915306, 0.915306, 0.915306, 0.915306, 0.915307, 0.915307, 0.915307, 0.915307, 0.915307, 0.915307, 0.915308, 0.915308, 0.915308, 0.915309, 0.915309, 0.915311, 0.915311, 0.915319, 0.915317, 0.915333, 0.915324, 0.915334, 0.915317, 0.915293, 0.915277, 0.915242, 0.91525, 0.915277, 0.915293, 0.915307, 0.915285, 0.915248, 0.915254, 0.915292, 0.915306, 0.915267, 0.915233, 9.65001
0.915279, 0.915301, 0.915262, 0.915253, 0.915292, 0.915287, 0.915249, 0.915264, 0.915278, 0.915266, 0.915294, 0.915288, 0.915251, 0.915262, 0.915237, 0.915249, 0.915259, 0.915265, 0.915282, 0.915284, 0.915294, 0.915294, 0.915297, 0.915298, 0.915298, 0.915299, 0.915299, 0.915299, 0.915299, 0.9153, 0.9153, 0.9153, 0.9153, 0.9153, 0.915301, 0.915301, 0.915301, 0.915301, 0.915301, 0.915302, 0.915302, 0.915302, 0.915302, 0.915302, 0.915303, 0.915303, 0.915303, 0.915303, 0.915303, 0.915303, 0.915304, 0.915304, 0.915304, 0.915304, 0.915304, 0.915305, 0.915305, 0.915305, 0.915305, 0.915305, 0.915305, 0.915306, 0.915306, 0.915306, 0.915306, 0.915306, 0.915306, 0.915307, 0.915307, 0.915307, 0.915307, 0.915307, 0.915307, 0.915308, 0.915308, 0.915308, 0.915309, 0.915309, 0.915312, 0.915311, 0.915319, 0.915317, 0.915333, 0.915324, 0.915334, 0.915317, 0.915293, 0.915277, 0.915242, 0.91525, 0.915277, 0.915293, 0.915307, 0.915285, 0.915248, 0.915254, 0.915292, 0.915306, 0.915267, 0.915233, 9.65001
0.915279, 0.915301, 0.915262, 0.915253, 0.915292, 0.915287, 0.915249, 0.915264, 0.915278, 0.915266, 0.915294, 0.915288, 0.915251, 0.915262, 0.915237, 0.915249, 0.915259, 0.915265, 0.915282, 0.915285, 0.915294, 0.915294, 0.915297, 0.915298, 0.915298, 0.915299, 0.915299, 0.915299, 0.915299, 0.9153, 0.9153, 0.9153, 0.9153, 0.9153, 0.915301, 0.915301, 0.915301, 0.915301, 0.915301, 0.915302, 0.915302, 0.915302, 0.915302, 0.915302, 0.915303, 0.915303, 0.915303, 0.915303, 0.915303, 0.915304, 0.915304, 0.915304, 0.915304, 0.915304, 0.915304, 0.915305, 0.915305, 0.915305, 0.915305, 0.915305, 0.915305, 0.915306, 0.915306, 0.915306, 0.915306, 0.915306, 0.915306, 0.915307, 0.915307, 0.915307, 0.915307, 0.915307, 0.915307, 0.915308, 0.915308, 0.915308, 0.915309, 0.915309, 0.915312, 0.915311, 0.915319, 0.915317, 0.915333, 0.915324, 0.915334, 0.915317, 0.915293, 0.915277, 0.915242, 0.91525, 0.915277, 0.915293, 0.915307, 0.915285, 0.915248, 0.915254, 0.915293, 0.915306, 0.915267, 0.915233, 9.65001
0.915279, 0.915301, 0.915262, 0.915253, 0.915292, 0.915288, 0.915249, 0.915264, 0.915278, 0.915266, 0.915294, 0.915288, 0.915252, 0.915262, 0.915237, 0.915249, 0.915259, 0.915265, 0.915282, 0.915285, 0.915294, 0.915294, 0.915297, 0.915298, 0.915299, 0.915299, 0.915299, 0.915299, 0.9153, 0.9153, 0.9153, 0.9153, 0.9153, 0.9153, 0.915301, 0.915301, 0.915301, 0.915301, 0.915301, 0.915302, 0.915302, 0.915302, 0.915302, 0.915302, 0.915303, 0.915303, 0.915303, 0.915303, 0.915303, 0.915304, 0.915304, 0.915304, 0.915304, 0.915304, 0.915304, 0.915305, 0.915305, 0.915305, 0.915305, 0.915305, 0.915306, 0.915306, 0.915306, 0.915306, 0.915306, 0.915306, 0.915307, 0.915307, 0.915307, 0.915307, 0.915307, 0.915307, 0.915307, 0.915308, 0.915308, 0.915308, 0.915309, 0.915309, 0.915312, 0.915311, 0.915319, 0.915317, 0.915333, 0.915325, 0.915334, 0.915317, 0.915293, 0.915277, 0.915242, 0.91525, 0.915277, 0.915293, 0.915307, 0.915286, 0.915248, 0.915254, 0.915293, 0.915306, 0.915267, 0.915233, 9.65001
0.915279, 0.915301, 0.915262, 0.915253, 0.915292, 0.915288, 0.915249, 0.915264, 0.915278, 0.915266, 0.915295, 0.915288, 0.915252, 0.915262, 0.915237, 0.915249, 0.91526, 0.915266, 0.915283, 0.915285, 0.915294, 0.915294, 0.915297, 0.915298, 0.915299, 0.915299, 0.915299, 0.915299, 0.9153, 0.9153, 0.9153, 0.9153, 0.9153, 0.915301, 0.915301, 0.915301, 0.915301, 0.915301, 0.915302, 0.915302, 0.915302, 0.915302, 0.915302, 0.915302, 0.915303, 0.915303, 0.915303, 0.915303, 0.915303, 0.915304, 0.915304, 0.915304, 0.915304, 0.915304, 0.915305, 0.915305, 0.915305, 0.915305, 0.915305, 0.915305, 0.915306, 0.915306, 0.915306, 0.915306, 0.915306, 0.915306, 0.915307, 0.915307, 0.915307, 0.915307, 0.915307, 0.915307, 0.915307, 0.915308, 0.915308, 0.915308, 0.915309, 0.915309, 0.915312, 0.915311, 0.915319, 0.915317, 0.915333, 0.915325, 0.915334, 0.915318, 0.915293, 0.915277, 0.915242, 0.91525, 0.915277, 0.915293, 0.915307, 0.915286, 0.915248, 0.915254, 0.915293, 0.915306, 0.915267, 0.915233, 9.65001
0.915279, 0.915301, 0.915262, 0.915253, 0.915292, 0.915288, 0.915249, 0.915264, 0.915278, 0.915266, 0.915295, 0.915289, 0.915252, 0.915263, 0.915237, 0.915249, 0.91526, 0.915266, 0.915283, 0.915285, 0.915294, 0.915294, 0.915297, 0.915298, 0.915299, 0.915299, 0.915299, 0.915299, 0.9153, 0.9153, 0.9153, 0.9153, 0.9153, 0.915301, 0.915301, 0.915301, 0.915301, 0.915301, 0.915302, 0.915302, 0.915302, 0.915302, 0.915302, 0.915303, 0.915303, 0.915303, 0.915303, 0.915303, 0.915303, 0.915304, 0.915304, 0.915304, 0.915304, 0.915304, 0.915305, 0.915305, 0.915305, 0.915305, 0.915305, 0.915305, 0.915306, 0.915306, 0.915306, 0.915306, 0.915306, 0.915306, 0.915307, 0.915307, 0.915307, 0.915307, 0.915307, 0.915307, 0.915308, 0.915308, 0.915308, 0.915308, 0.915309, 0.915309, 0.915312, 0.915311, 0.915319, 0.915317, 0.915333, 0.915325, 0.915334, 0.915318, 0.915293, 0.915277, 0.915242, 0.91525, 0.915277, 0.915293, 0.915307, 0.915286, 0.915248, 0.915254, 0.915293, 0.915306, 0.915267, 0.915233, 9.65001
0.915279, 0.915301, 0.915262, 0.915253, 0.915292, 0.915288, 0.915249, 0.915264, 0.915278, 0.915266, 0.915295, 0.915289, 0.915252, 0.915263, 0.915237, 0.915249, 0.91526, 0.915266, 0.915283, 0.915285, 0.915294, 0.915294, 0.915298, 0.915298, 0.915299, 0.915299, 0.915299, 0.915299, 0.9153, 0.9153, 0.9153, 0.9153, 0.9153, 0.915301, 0.915301, 0.915301, 0.915301, 0.915301, 0.915302, 0.915302, 0.915302, 0.915302, 0.915302, 0.915303, 0.915303, 0.915303, 0.915303, 0.915303, 0.915303, 0.915304, 0.915304, 0.915304, 0.915304, 0.915304, 0.915305, 0.915305, 0.915305, 0.915305, 0.915305, 0.915305, 0.915306, 0.915306, 0.915306, 0.915306, 0.915306, 0.915306, 0.915307, 0.915307, 0.915307, 0.915307, 0.915307, 0.915307, 0.915308, 0.915308, 0.915308, 0.915308, 0.915309, 0.915309, 0.915312, 0.915311, 0.915319, 0.915317, 0.915333, 0.915325, 0.915335, 0.915318, 0.915293, 0.915277, 0.915242, 0.91525, 0.915277, 0.915293, 0.915307, 0.915286, 0.915248, 0.915254, 0.915293, 0.915306, 0.915267, 0.915233, 9.65001
0.915279, 0.915302, 0.915262, 0.915253, 0.915292, 0.915288, 0.91525, 0.915264, 0.915278, 0.915266, 0.915295, 0.915289, 0.915252, 0.915263, 0.915237, 0.915249, 0.91526, 0.915266, 0.915283, 0.915285, 0.915294, 0.915294, 0.915298, 0.915298, 0.915299, 0.915299, 0.915299, 0.915299, 0.9153, 0.9153, 0.9153, 0.9153, 0.9153, 0.915301, 0.915301, 0.915301, 0.915301, 0.915301, 0.915302, 0.915302, 0.915302, 0.915302, 0.915302, 0.915303, 0.915303, 0.915303, 0.915303, 0.915303, 0.915304, 0.915304, 0.915304, 0.915304, 0.915304, 0.915304, 0.915305, 0.915305, 0.915305, 0.915305, 0.915305, 0.915305, 0.915306, 0.915306, 0.915306, 0.915306, 0.915306, 0.915306, 0.915307, 0.915307, 0.915307, 0.915307, 0.915307, 0.915307, 0.915308, 0.915308, 0.915308, 0.915308, 0.915309, 0.915309, 0.915312, 0.915311, 0.91532, 0.915317, 0.915333, 0.915325, 0.915335, 0.915318, 0.915294, 0.915278, 0.915242, 0.91525, 0.915277, 0.915293, 0.915307, 0.915286, 0.915248, 0.915254, 0.915293, 0.915306, 0.915267, 0.915233, 9.65001
0.915279, 0.915302, 0.915262, 0.915253, 0.915293, 0.915288, 0.91525, 0.915264, 0.915278, 0.915266, 0.915295, 0.915289, 0.915252, 0.915263, 0.915237, 0.915249, 0.91526, 0.915266, 0.915283, 0.915285, 0.915294, 0.915295, 0.915298, 0.915298, 0.915299, 0.915299, 0.915299, 0.9153, 0.9153, 0.9153, 0.9153, 0.9153, 0.915301, 0.915301, 0.915301, 0.915301, 0.915301, 0.915302, 0.915302, 0.915302, 0.915302, 0.915302, 0.915302, 0.915303, 0.915303, 0.915303, 0.915303, 0.915303, 0.915304, 0.915304, 0.915304, 0.915304, 0.915304, 0.915304, 0.915305, 0.915305, 0.915305, 0.915305, 0.915305, 0.915306, 0.915306, 0.915306, 0.915306, 0.915306, 0.915306, 0.915307, 0.915307, 0.915307, 0.915307, 0.915307, 0.915307, 0.915307, 0.915308, 0.915308, 0.915308, 0.915308, 0.915309, 0.915309, 0.915312, 0.915311, 0.91532, 0.915317, 0.915333, 0.915325, 0.915335, 0.915318, 0.915294, 0.915278, 0.915242, 0.91525, 0.915277, 0.915293, 0.915307, 0.915286, 0.915248, 0.915254, 0.915293, 0.915306, 0.915267, 0.915233, 9.65001
0.915279, 0.915302, 0.915263, 0.915253, 0.915293, 0.915288, 0.91525, 0.915264, 0.915278, 0.915266, 0.915295, 0.915289, 0.915252, 0.915263, 0.915237, 0.915249, 0.91526, 0.915266, 0.915283, 0.915285, 0.915294, 0.915295, 0.915298, 0.915298, 0.915299, 0.915299, 0.915299, 0.9153, 0.9153, 0.9153, 0.9153, 0.9153, 0.915301, 0.915301, 0.915301, 0.915301, 0.915301, 0.915302, 0.915302, 0.915302, 0.915302, 0.915302, 0.915303, 0.915303, 0.915303, 0.915303, 0.915303, 0.915303, 0.915304, 0.915304, 0.915304, 0.915304, 0.915304, 0.915305, 0.915305, 0.915305, 0.915305, 0.915305, 0.915305, 0.915306, 0.915306, 0.915306, 0.915306, 0.915306, 0.915306, 0.915307, 0.915307, 0.915307, 0.915307, 0.915307, 0.915307, 0.915307, 0.915308, 0.915308, 0.915308, 0.915308, 0.915309, 0.915309, 0.915312, 0.915311, 0.91532, 0.915317, 0.915333, 0.915325, 0.915335, 0.915318, 0.915294, 0.915278, 0.915242, 0.91525, 0.915277, 0.915293, 0.915307, 0.915286, 0.915248, 0.915254, 0.915293, 0.915306, 0.915267, 0.915233, 9.65001
0.915279, 0.915302, 0.915263, 0.915253, 0.915293, 0.915288, 0.91525, 0.915264, 0.915278, 0.915267, 0.915295, 0.915289, 0.915252, 0.915263, 0.915237, 0.915249, 0.91526, 0.915266, 0.915283, 0.915285, 0.915294, 0.915295, 0.915298, 0.915298, 0.915299, 0.915299, 0.915299, 0.9153, 0.9153, 0.9153, 0.9153, 0.9153, 0.915301, 0.915301, 0.915301, 0.915301, 0.915301, 0.915302, 0.915302, 0.915302, 0.915302, 0.915302, 0.915303, 0.915303, 0.915303, 0.915303, 0.915303, 0.915303, 0.915304, 0.915304, 0.915304, 0.915304, 0.915304, 0.915305, 0.915305, 0.915305, 0.915305, 0.915305, 0.915305, 0.915306, 0.915306, 0.915306, 0.915306, 0.915306, 0.915306, 0.915307, 0.915307, 0.915307, 0.915307, 0.915307, 0.915307, 0.915307, 0.915308, 0.915308, 0.915308, 0.915308, 0.915309, 0.915309, 0.915312, 0.915311, 0.91532, 0.915317, 0.915333, 0.915325, 0.915335, 0.915318, 0.915294, 0.915278, 0.915242, 0.91525, 0.915277, 0.915294, 0.915307, 0.915286, 0.915248, 0.915254, 0.915293, 0.915306, 0.915267, 0.915233, 9.65001
0.915279, 0.915302, 0.915263, 0.915253, 0.915293, 0.915288, 0.91525, 0.915264, 0.915278, 0.915267, 0.915295, 0.915289, 0.915252, 0.915263, 0.915238, 0.915249, 0.91526, 0.915266, 0.915283, 0.915285, 0.915294, 0.915295, 0.915298, 0.915298, 0.915299, 0.915299, 0.915299, 0.9153, 0.9153, 0.9153, 0.9153, 0.9153, 0.915301, 0.915301, 0.915301, 0.915301, 0.915301, 0.915302, 0.915302, 0.915302, 0.915302, 0.915302, 0.915303, 0.915303, 0.915303, 0.915303, 0.915303, 0.915304, 0.915304, 0.915304, 0.915304, 0.915304, 0.915304, 0.915305, 0.915305, 0.915305, 0.915305, 0.915305, 0.915305, 0.915306, 0.915306, 0.915306, 0.915306, 0.915306, 0.915306, 0.915307, 0.915307, 0.915307, 0.915307, 0.915307, 0.915307, 0.915308, 0.915308, 0.915308, 0.915308, 0.915308, 0.915309, 0.915309, 0.915312, 0.915311, 0.91532, 0.915317, 0.915333, 0.915325, 0.915335, 0.915318, 0.915294, 0.915278, 0.915242, 0.91525, 0.915277, 0.915294, 0.915307, 0.915286, 0.915248, 0.915254, 0.915293, 0.915306, 0.915267, 0.915233, 9.65001
0.915279, 0.915302, 0.915263, 0.915253, 0.915293, 0.915288, 0.91525, 0.915264, 0.915278, 0.915267, 0.915295, 0.915289, 0.915252, 0.915263, 0.915238, 0.915249, 0.91526, 0.915266, 0.915283, 0.915285, 0.915294, 0.915295, 0.915298, 0.915298, 0.915299, 0.915299, 0.915299, 0.9153, 0.9153, 0.9153, 0.9153, 0.915301, 0.915301, 0.915301, 0.915301, 0.915301, 0.915301, 0.915302, 0.915302, 0.915302, 0.915302, 0.915302, 0.915303, 0.915303, 0.915303, 0.915303, 0.915303, 0.915304, 0.915304, 0.915304, 0.915304, 0.915304, 0.915304, 0.915305, 0.915305, 0.915305, 0.915305, 0.915305, 0.915305, 0.915306, 0.915306, 0.915306, 0.915306, 0.915306, 0.915306, 0.915307, 0.915307, 0.915307, 0.915307, 0.915307, 0.915307, 0.915308, 0.915308, 0.915308, 0.915308, 0.915308, 0.915309, 0.915309, 0.915312, 0.915311, 0.91532, 0.915317, 0.915333, 0.915325, 0.915335, 0.915318, 0.915294, 0.915278, 0.915242, 0.91525, 0.915278, 0.915294, 0.915307, 0.915286, 0.915248, 0.915254, 0.915293, 0.915306, 0.915267, 0.915234, 9.65001
0.915279, 0.915302, 0.915263, 0.915253, 0.915293, 0.915288, 0.91525, 0.915264, 0.915278, 0.915267, 0.915295, 0.915289, 0.915252, 0.915263, 0.915238, 0.91525, 0.91526, 0.915266, 0.915283, 0.915285, 0.915294, 0.915295, 0.915298, 0.915298, 0.915299, 0.915299, 0.9153, 0.9153, 0.9153, 0.9153, 0.9153, 0.915301, 0.915301, 0.915301, 0.915301, 0.915301, 0.915302, 0.915302, 0.915302, 0.915302, 0.915302, 0.915302, 0.915303, 0.915303, 0.915303, 0.915303, 0.915303, 0.915304, 0.915304, 0.915304, 0.915304, 0.915304, 0.915304, 0.915305, 0.915305, 0.915305, 0.915305, 0.915305, 0.915306, 0.915306, 0.915306, 0.915306, 0.915306, 0.915306, 0.915307, 0.915307, 0.915307, 0.915307, 0.915307, 0.915307, 0.915307, 0.915308, 0.915308, 0.915308, 0.915308, 0.915308, 0.915309, 0.915309, 0.915312, 0.915311, 0.91532, 0.915317, 0.915333, 0.915325, 0.915335, 0.915318, 0.915294, 0.915278, 0.915243, 0.91525, 0.915278, 0.915294, 0.915307, 0.915286, 0.915249, 0.915254, 0.915293, 0.915306, 0.915267, 0.915234, 9.65001
0.91528, 0.915302, 0.915263, 0.915253, 0.915293, 0.915288, 0.91525, 0.915264, 0.915278, 0.915267, 0.915295, 0.915289, 0.915252, 0.915263, 0.915238, 0.91525, 0.91526, 0.915266, 0.915283, 0.915285, 0.915294, 0.915295, 0.915298, 0.915298, 0.915299, 0.915299, 0.9153, 0.9153, 0.9153, 0.9153, 0.9153, 0.915301, 0.915301, 0.915301, 0.915301, 0.915301, 0.915302, 0.915302, 0.915302, 0.915302, 0.915302, 0.915303, 0.915303, 0.915303, 0.915303, 0.915303, 0.915303, 0.915304, 0.915304, 0.915304, 0.915304, 0.915304, 0.915305, 0.915305, 0.915305, 0.915305, 0.915305, 0.915305, 0.915306, 0.915306, 0.915306, 0.915306, 0.915306, 0.915306, 0.915307, 0.915307, 0.915307, 0.915307, 0.915307, 0.915307, 0.915307, 0.915308, 0.915308, 0.915308, 0.915308, 0.915308, 0.915309, 0.915309, 0.915312, 0.915311, 0.91532, 0.915317, 0.915333, 0.915325, 0.915335, 0.915318, 0.915294, 0.915278, 0.915243, 0.91525, 0.915278, 0.915294, 0.915307, 0.915286, 0.915249, 0.915254, 0.915293, 0.915307, 0.915268, 0.915234, 9.65001
0.91528, 0.915302, 0.915263, 0.915254, 0.915293, 0.915289, 0.91525, 0.915264, 0.915278, 0.915267, 0.915295, 0.915289, 0.915253, 0.915263, 0.915238, 0.91525, 0.91526, 0.915266, 0.915283, 0.915285, 0.915294, 0.915295, 0.915298, 0.915298, 0.915299, 0.915299, 0.9153, 0.9153, 0.9153, 0.9153, 0.9153, 0.915301, 0.915301, 0.915301, 0.915301, 0.915301, 0.915302, 0.915302, 0.915302, 0.915302, 0.915302, 0.915303, 0.915303, 0.915303, 0.915303, 0.915303, 0.915303, 0.915304, 0.915304, 0.915304, 0.915304, 0.915304, 0.915305, 0.915305, 0.915305, 0.915305, 0.915305, 0.915305, 0.915306, 0.915306, 0.915306, 0.915306, 0.915306, 0.915306, 0.915307, 0.915307, 0.915307, 0.915307, 0.915307, 0.915307, 0.915307, 0.915308, 0.915308, 0.915308, 0.915308, 0.915308, 0.915309, 0.915309, 0.915312, 0.915311, 0.91532, 0.915317, 0.915333, 0.915325, 0.915335, 0.915318, 0.915294, 0.915278, 0.915243, 0.91525, 0.915278, 0.915294, 0.915307, 0.915286, 0.915249, 0.915254, 0.915293, 0.915307, 0.915268, 0.915234, 9.65001
0.91528, 0.915302, 0.915263, 0.915254, 0.915293, 0.915289, 0.91525, 0.915264, 0.915279, 0.915267, 0.915295, 0.91529, 0.915253, 0.915263, 0.915238, 0.91525, 0.91526, 0.915266, 0.915283, 0.915285, 0.915294, 0.915295, 0.915298, 0.915298, 0.915299, 0.915299, 0.9153, 0.9153, 0.9153, 0.9153, 0.9153, 0.915301, 0.915301, 0.915301, 0.915301, 0.915301, 0.915302, 0.915302, 0.915302, 0.915302, 0.915302, 0.915303, 0.915303, 0.915303, 0.915303, 0.915303, 0.915304, 0.915304, 0.915304, 0.915304, 0.915304, 0.915304, 0.915305, 0.915305, 0.915305, 0.915305, 0.915305, 0.915305, 0.915306, 0.915306, 0.915306, 0.915306, 0.915306, 0.915306, 0.915307, 0.915307, 0.915307, 0.915307, 0.915307, 0.915307, 0.915307, 0.915308, 0.915308, 0.915308, 0.915308, 0.915308, 0.915309, 0.915309, 0.915312, 0.915311, 0.91532, 0.915317, 0.915333, 0.915325, 0.915335, 0.915318, 0.915294, 0.915278, 0.915243, 0.91525, 0.915278, 0.915294, 0.915308, 0.915286, 0.915249, 0.915254, 0.915293, 0.915307, 0.915268, 0.915234, 9.65001
0.91528, 0.915302, 0.915263, 0.915254, 0.915293, 0.915289, 0.91525, 0.915265, 0.915279, 0.915267, 0.915296, 0.91529, 0.915253, 0.915263, 0.915238, 0.91525, 0.91526, 0.915266, 0.915283, 0.915285, 0.915294, 0.915295, 0.915298, 0.915298, 0.915299, 0.915299, 0.9153, 0.9153, 0.9153, 0.9153, 0.915301, 0.915301, 0.915301, 0.915301, 0.915301, 0.915302, 0.915302, 0.915302, 0.915302, 0.915302, 0.915302, 0.915303, 0.915303, 0.915303, 0.915303, 0.915303, 0.915304, 0.915304, 0.915304, 0.915304, 0.915304, 0.915304, 0.915305, 0.915305, 0.915305, 0.915305, 0.915305, 0.915305, 0.915306, 0.915306, 0.915306, 0.915306, 0.915306, 0.915306, 0.915307, 0.915307, 0.915307, 0.915307, 0.915307, 0.915307, 0.915308, 0.915308, 0.915308, 0.915308, 0.915308, 0.915308, 0.915309, 0.915309, 0.915312, 0.915311, 0.91532, 0.915317, 0.915333, 0.915325, 0.915335, 0.915318, 0.915294, 0.915278, 0.915243, 0.91525, 0.915278, 0.915294, 0.915308, 0.915287, 0.915249, 0.915255, 0.915294, 0.915307, 0.915268, 0.915234, 9.65001
0.91528, 0.915302, 0.915263, 0.915254, 0.915293, 0.915289, 0.91525, 0.915265, 0.915279, 0.915267, 0.915296, 0.91529, 0.915253, 0.915264, 0.915238, 0.91525, 0.91526, 0.915266, 0.915283, 0.915285, 0.915294, 0.915295, 0.915298, 0.915298, 0.915299, 0.915299, 0.9153, 0.9153, 0.9153, 0.9153, 0.915301, 0.915301, 0.915301, 0.915301, 0.915301, 0.915302, 0.915302, 0.915302, 0.915302, 0.915302, 0.915302, 0.915303, 0.915303, 0.915303, 0.915303, 0.915303, 0.915304, 0.915304, 0.915304, 0.915304, 0.915304, 0.915304, 0.915305, 0.915305, 0.915305, 0.915305, 0.915305, 0.915306, 0.915306, 0.915306, 0.915306, 0.915306, 0.915306, 0.915306, 0.915307, 0.915307, 0.915307, 0.915307, 0.915307, 0.915307, 0.915308, 0.915308, 0.915308, 0.915308, 0.915308, 0.915308, 0.915309, 0.915309, 0.915312, 0.915311, 0.91532, 0.915317, 0.915333, 0.915325, 0.915335, 0.915318, 0.915294, 0.915278, 0.915243, 0.91525, 0.915278, 0.915294, 0.915308, 0.915287, 0.915249, 0.915255, 0.915294, 0.915307, 0.915268, 0.915234, 9.65001
0.91528, 0.915302, 0.915263, 0.915254, 0.915293, 0.915289, 0.91525, 0.915265, 0.915279, 0.915267, 0.915296, 0.91529, 0.915253, 0.915264, 0.915238, 0.91525, 0.91526, 0.915266, 0.915283, 0.915285, 0.915294, 0.915295, 0.915298, 0.915298, 0.915299, 0.915299, 0.9153, 0.9153, 0.9153, 0.9153, 0.915301, 0.915301, 0.915301, 0.915301, 0.915301, 0.915302, 0.915302, 0.915302, 0.915302, 0.915302, 0.915303, 0.915303, 0.915303, 0.915303, 0.915303, 0.915303, 0.915304, 0.915304, 0.915304, 0.915304, 0.915304, 0.915305, 0.915305, 0.915305, 0.915305, 0.915305, 0.915305, 0.915306, 0.915306, 0.915306, 0.915306, 0.915306, 0.915306, 0.915307, 0.915307, 0.915307, 0.915307, 0.915307, 0.915307, 0.915307, 0.915308, 0.915308, 0.915308, 0.915308, 0.915308, 0.915308, 0.915309, 0.915309, 0.915312, 0.915311, 0.91532, 0.915317, 0.915333, 0.915325, 0.915335, 0.915318, 0.915294, 0.915278, 0.915243, 0.915251, 0.915278, 0.915294, 0.915308, 0.915287, 0.915249, 0.915255, 0.915294, 0.915307, 0.915268, 0.915234, 9.65001
0.91528, 0.915302, 0.915263, 0.915254, 0.915293, 0.915289, 0.91525, 0.915265, 0.915279, 0.915267, 0.915296, 0.91529, 0.915253, 0.915264, 0.915238, 0.91525, 0.91526, 0.915266, 0.915283, 0.915285, 0.915294, 0.915295, 0.915298, 0.915298, 0.915299, 0.9153, 0.9153, 0.9153, 0.9153, 0.9153, 0.915301, 0.915301, 0.915301, 0.915301, 0.915301, 0.915302, 0.915302, 0.915302, 0.915302, 0.915302, 0.915303, 0.915303, 0.915303, 0.915303, 0.915303, 0.915303, 0.915304, 0.915304, 0.915304, 0.915304, 0.915304, 0.915305, 0.915305, 0.915305, 0.915305, 0.915305, 0.915305, 0.915306, 0.915306, 0.915306, 0.915306, 0.915306, 0.915306, 0.915307, 0.915307, 0.915307, 0.915307, 0.915307, 0.915307, 0.915307, 0.915308, 0.915308, 0.915308, 0.915308, 0.915308, 0.915308, 0.915309, 0.915309, 0.915312, 0.915311, 0.91532, 0.915317, 0.915333, 0.915325, 0.915335, 0.915318, 0.915294, 0.915278, 0.915243, 0.915251, 0.915278, 0.915294, 0.915308, 0.915287, 0.915249, 0.915255, 0.915294, 0.915307, 0.915268, 0.915234, 9.65001
0.91528, 0.915303, 0.915263, 0.915254, 0.915294, 0.915289, 0.915251, 0.915265, 0.915279, 0.915267, 0.915296, 0.91529, 0.915253, 0.915264, 0.915238, 0.91525, 0.91526, 0.915266, 0.915283, 0.915285, 0.915295, 0.915295, 0.915298, 0.915298, 0.915299, 0.9153, 0.9153, 0.9153, 0.9153, 0.915301, 0.915301, 0.915301, 0.915301, 0.915301, 0.915301, 0.915302, 0.915302, 0.915302, 0.915302, 0.915302, 0.915303, 0.915303, 0.915303, 0.915303, 0.915303, 0.915304, 0.915304, 0.915304, 0.915304, 0.915304, 0.915304, 0.915305, 0.915305, 0.915305, 0.915305, 0.915305, 0.915305, 0.915306, 0.915306, 0.915306, 0.915306, 0.915306, 0.915306, 0.915307, 0.915307, 0.915307, 0.915307, 0.915307, 0.915307, 0.915307, 0.915308, 0.915308, 0.915308, 0.915308, 0.915308, 0.915308, 0.915309, 0.915309, 0.915312, 0.915311, 0.91532, 0.915317, 0.915333, 0.915325, 0.915335, 0.915318, 0.915294, 0.915278, 0.915243, 0.915251, 0.915278, 0.915294, 0.915308, 0.915287, 0.915249, 0.915255, 0.915294, 0.915307, 0.915268, 0.915234, 9.65001
0.91528, 0.915303, 0.915263, 0.915254, 0.915294, 0.915289, 0.915251, 0.915265, 0.915279, 0.915267, 0.915296, 0.91529, 0.915253, 0.915264, 0.915238, 0.91525, 0.915261, 0.915266, 0.915283, 0.915285, 0.915295, 0.915295, 0.915298, 0.915299, 0.915299, 0.9153, 0.9153, 0.9153, 0.9153, 0.915301, 0.915301, 0.915301, 0.915301, 0.915301, 0.915302, 0.915302, 0.915302, 0.915302, 0.915302, 0.915302, 0.915303, 0.915303, 0.915303, 0.915303, 0.915303, 0.915304, 0.915304, 0.915304, 0.915304, 0.915304, 0.915304, 0.915305, 0.915305, 0.915305, 0.915305, 0.915305, 0.915305, 0.915306, 0.915306, 0.915306, 0.915306, 0.915306, 0.915306, 0.915307, 0.915307, 0.915307, 0.915307, 0.915307, 0.915307, 0.915308, 0.915308, 0.915308, 0.915308, 0.915308, 0.915308, 0.915308, 0.915309, 0.915309, 0.915312, 0.915312, 0.91532, 0.915317, 0.915333, 0.915325, 0.915335, 0.915318, 0.915294, 0.915279, 0.915243, 0.915251, 0.915278, 0.915294, 0.915308, 0.915287, 0.915249, 0.915255, 0.915294, 0.915307, 0.915268, 0.915234, 9.65001
0.91528, 0.915303, 0.915263, 0.915254, 0.915294, 0.915289, 0.915251, 0.915265, 0.915279, 0.915268, 0.915296, 0.91529, 0.915253, 0.915264, 0.915238, 0.91525, 0.915261, 0.915267, 0.915284, 0.915286, 0.915295, 0.915295, 0.915298, 0.915299, 0.915299, 0.9153, 0.9153, 0.9153, 0.9153, 0.915301, 0.915301, 0.915301, 0.915301, 0.915301, 0.915302, 0.915302, 0.915302, 0.915302, 0.915302, 0.915303, 0.915303, 0.915303, 0.915303, 0.915303, 0.915303, 0.915304, 0.915304, 0.915304, 0.915304, 0.915304, 0.915304, 0.915305, 0.915305, 0.915305, 0.915305, 0.915305, 0.915306, 0.915306, 0.915306, 0.915306, 0.915306, 0.915306, 0.915306, 0.915307, 0.915307, 0.915307, 0.915307, 0.915307, 0.915307, 0.915308, 0.915308, 0.915308, 0.915308, 0.915308, 0.915308, 0.915308, 0.915309, 0.915309, 0.915312, 0.915312, 0.91532, 0.915317, 0.915333, 0.915325, 0.915335, 0.915319, 0.915294, 0.915279, 0.915243, 0.915251, 0.915278, 0.915294, 0.915308, 0.915287, 0.915249, 0.915255, 0.915294, 0.915307, 0.915268, 0.915234, 9.65001
0.91528, 0.915303, 0.915263, 0.915254, 0.915294, 0.915289, 0.915251, 0.915265, 0.915279, 0.915268, 0.915296, 0.91529, 0.915253, 0.915264, 0.915238, 0.91525, 0.915261, 0.915267, 0.915284, 0.915286, 0.915295, 0.915295, 0.915298, 0.915299, 0.9153, 0.9153, 0.9153, 0.9153, 0.9153, 0.915301, 0.915301, 0.915301, 0.915301, 0.915301, 0.915302, 0.915302, 0.915302, 0.915302, 0.915302, 0.915303, 0.915303, 0.915303, 0.915303, 0.915303, 0.915303, 0.915304, 0.915304, 0.915304, 0.915304, 0.915304, 0.915305, 0.915305, 0.915305, 0.915305, 0.915305, 0.915305, 0.915306, 0.915306, 0.915306, 0.915306, 0.915306, 0.915306, 0.915307, 0.915307, 0.915307, 0.915307, 0.915307, 0.915307, 0.915307, 0.915308, 0.915308, 0.915308, 0.915308, 0.915308, 0.915308, 0.915308, 0.915309, 0.915309, 0.915312, 0.915312, 0.91532, 0.915317, 0.915333, 0.915325, 0.915335, 0.915319, 0.915294, 0.915279, 0.915243, 0.915251, 0.915278, 0.915294, 0.915308, 0.915287, 0.915249, 0.915255, 0.915294, 0.915307, 0.915268, 0.915235, 9.65001
0.91528, 0.915303, 0.915263, 0.915254, 0.915294, 0.915289, 0.915251, 0.915265, 0.915279, 0.915268, 0.915296, 0.91529, 0.915253, 0.915264, 0.915239, 0.91525, 0.915261, 0.915267, 0.915284, 0.915286, 0.915295, 0.915295, 0.915298, 0.915299, 0.9153, 0.9153, 0.9153, 0.9153, 0.9153, 0.915301, 0.915301, 0.915301, 0.915301, 0.915301, 0.915302, 0.915302, 0.915302, 0.915302, 0.915302, 0.915303, 0.915303, 0.915303, 0.915303, 0.915303, 0.915303, 0.915304, 0.915304, 0.915304, 0.915304, 0.915304, 0.915305, 0.915305, 0.915305, 0.915305, 0.915305, 0.915305, 0.915306, 0.915306, 0.915306, 0.915306, 0.915306, 0.915306, 0.915307, 0.915307, 0.915307, 0.915307, 0.915307, 0.915307, 0.915307, 0.915308, 0.915308, 0.915308, 0.915308, 0.915308, 0.915308, 0.915308, 0.915309, 0.915309, 0.915312, 0.915312, 0.91532, 0.915317, 0.915333, 0.915325, 0.915335, 0.915319, 0.915294, 0.915279, 0.915243, 0.915251, 0.915278, 0.915294, 0.915308, 0.915287, 0.915249, 0.915255, 0.915294, 0.915307, 0.915268, 0.915234, 9.65001
0.91528, 0.915303, 0.915263, 0.915254, 0.915294, 0.91529, 0.915251, 0.915265, 0.915279, 0.915268, 0.915296, 0.91529, 0.915254, 0.915264, 0.915239, 0.91525, 0.915261, 0.915267, 0.915284, 0.915286, 0.915295, 0.915295, 0.915298, 0.915299, 0.9153, 0.9153, 0.9153, 0.9153, 0.915301, 0.915301, 0.915301, 0.915301, 0.915301, 0.915301, 0.915302, 0.915302, 0.915302, 0.915302, 0.915302, 0.915303, 0.915303, 0.915303, 0.915303, 0.915303, 0.915304, 0.915304, 0.915304, 0.915304, 0.915304, 0.915304, 0.915305, 0.915305, 0.915305, 0.915305, 0.915305, 0.915305, 0.915306, 0.915306, 0.915306, 0.915306, 0.915306, 0.915306, 0.915307, 0.915307, 0.915307, 0.915307, 0.915307, 0.915307, 0.915307, 0.915308, 0.915308, 0.915308, 0.915308, 0.915308, 0.915308, 0.915309, 0.915309, 0.915309, 0.915312, 0.915312, 0.91532, 0.915317, 0.915333, 0.915325, 0.915335, 0.915319, 0.915294, 0.915279, 0.915243, 0.915251, 0.915278, 0.915294, 0.915308, 0.915287, 0.915249, 0.915255, 0.915294, 0.915307, 0.915268, 0.915235, 9.65001
0.91528, 0.915302, 0.915263, 0.915253, 0.915294, 0.915289, 0.915251, 0.915265, 0.915279, 0.915268, 0.915296, 0.915291, 0.915254, 0.915264, 0.915239, 0.91525, 0.915261, 0.915267, 0.915284, 0.915286, 0.915295, 0.915295, 0.915298, 0.915299, 0.9153, 0.9153, 0.9153, 0.9153, 0.915301, 0.915301, 0.915301, 0.915301, 0.915301, 0.915302, 0.915302, 0.915302, 0.915302, 0.915302, 0.915302, 0.915303, 0.915303, 0.915303, 0.915303, 0.915303, 0.915304, 0.915304, 0.915304, 0.915304, 0.915304, 0.915304, 0.915305, 0.915305, 0.915305, 0.915305, 0.915305, 0.915305, 0.915306, 0.915306, 0.915306, 0.915306, 0.915306, 0.915306, 0.915307, 0.915307, 0.915307, 0.915307, 0.915307, 0.915307, 0.915307, 0.915308, 0.915308, 0.915308, 0.915308, 0.915308, 0.915308, 0.915309, 0.915309, 0.915309, 0.915312, 0.915312, 0.91532, 0.915317, 0.915333, 0.915325, 0.915335, 0.915319, 0.915294, 0.915279, 0.915243, 0.915251, 0.915279, 0.915294, 0.915308, 0.915287, 0.915249, 0.915254, 0.915294, 0.915306, 0.915268, 0.915233, 9.65001
0.915279, 0.915303, 0.915262, 0.915254, 0.915293, 0.91529, 0.915251, 0.915265, 0.915279, 0.915268, 0.915297, 0.915291, 0.915254, 0.915264, 0.915239, 0.91525, 0.915261, 0.915267, 0.915284, 0.915286, 0.915295, 0.915295, 0.915299, 0.915299, 0.9153, 0.9153, 0.9153, 0.9153, 0.915301, 0.915301, 0.915301, 0.915301, 0.915301, 0.915302, 0.915302, 0.915302, 0.915302, 0.915302, 0.915303, 0.915303, 0.915303, 0.915303, 0.915303, 0.915303, 0.915304, 0.915304, 0.915304, 0.915304, 0.915304, 0.915304, 0.915305, 0.915305, 0.915305, 0.915305, 0.915305, 0.915305, 0.915306, 0.915306, 0.915306, 0.915306, 0.915306, 0.915306, 0.915307, 0.915307, 0.915307, 0.915307, 0.915307, 0.915307, 0.915307, 0.915308, 0.915308, 0.915308, 0.915308, 0.915308, 0.915308, 0.915309, 0.915309, 0.915309, 0.915312, 0.915312, 0.91532, 0.915318, 0.915333, 0.915325, 0.915335, 0.915319, 0.915294, 0.915279, 0.915243, 0.915251, 0.915279, 0.915294, 0.915308, 0.915287, 0.915249, 0.915255, 0.915294, 0.915308, 0.915267, 0.915235, 9.65001
0.915277, 0.915289, 0.915261, 0.915246, 0.915293, 0.915286, 0.915251, 0.915264, 0.915279, 0.915268, 0.915297, 0.915291, 0.915254, 0.915264, 0.915239, 0.915251, 0.915261, 0.915267, 0.915284, 0.915286, 0.915295, 0.915295, 0.915299, 0.915299, 0.9153, 0.9153, 0.9153, 0.9153, 0.915301, 0.915301, 0.915301, 0.915301, 0.915301, 0.915302, 0.915302, 0.915302, 0.915302, 0.915302, 0.915303, 0.915303, 0.915303, 0.915303, 0.915303, 0.915303, 0.915304, 0.915304, 0.915304, 0.915304, 0.915304, 0.915305, 0.915305, 0.915305, 0.915305, 0.915305, 0.915305, 0.915306, 0.915306, 0.915306, 0.915306, 0.915306, 0.915306, 0.915306, 0.915307, 0.915307, 0.915307, 0.915307, 0.915307, 0.915307, 0.915308, 0.915308, 0.915308, 0.915308, 0.915308, 0.915308, 0.915308, 0.915309, 0.915309, 0.915309, 0.915312, 0.915312, 0.91532, 0.915318, 0.915333, 0.915325, 0.915335, 0.915319, 0.915295, 0.915279, 0.915244, 0.915251, 0.915279, 0.915293, 0.915308, 0.915284, 0.915248, 0.915247, 0.915292, 0.915293, 0.915264, 0.915219, 9.65001
0.915265, 0.915303, 0.915251, 0.915254, 0.915287, 0.91529, 0.915248, 0.915265, 0.915278, 0.915268, 0.915297, 0.915291, 0.915254, 0.915265, 0.915239, 0.915251, 0.915261, 0.915267, 0.915284, 0.915286, 0.915295, 0.915296, 0.915299, 0.915299, 0.9153, 0.9153, 0.9153, 0.9153, 0.915301, 0.915301, 0.915301, 0.915301, 0.915301, 0.915302, 0.915302, 0.915302, 0.915302, 0.915302, 0.915303, 0.915303, 0.915303, 0.915303, 0.915303, 0.915303, 0.915304, 0.915304, 0.915304, 0.915304, 0.915304, 0.915305, 0.915305, 0.915305, 0.915305, 0.915305, 0.915305, 0.915306, 0.915306, 0.915306, 0.915306, 0.915306, 0.915306, 0.915307, 0.915307, 0.915307, 0.915307, 0.915307, 0.915307, 0.915307, 0.915308, 0.915308, 0.915308, 0.915308, 0.915308, 0.915308, 0.915308, 0.915309, 0.915309, 0.915309, 0.915312, 0.915312, 0.91532, 0.915318, 0.915333, 0.915325, 0.915335, 0.915319, 0.915295, 0.915279, 0.915244, 0.915251, 0.915279, 0.915295, 0.915307, 0.915288, 0.915247, 0.915256, 0.915287, 0.915309, 0.915256, 0.915236, 9.65001
0.915245, 0.915189, 0.915237, 0.915181, 0.915279, 0.915256, 0.915245, 0.915254, 0.915277, 0.915265, 0.915296, 0.91529, 0.915254, 0.915265, 0.915239, 0.915251, 0.915261, 0.915267, 0.915284, 0.915286, 0.915295, 0.915296, 0.915299, 0.915299, 0.9153, 0.9153, 0.9153, 0.915301, 0.915301, 0.915301, 0.915301, 0.915301, 0.915302, 0.915302, 0.915302, 0.915302, 0.915302, 0.915302, 0.915303, 0.915303, 0.915303, 0.915303, 0.915303, 0.915304, 0.915304, 0.915304, 0.915304, 0.915304, 0.915304, 0.915305, 0.915305, 0.915305, 0.915305, 0.915305, 0.915305, 0.915306, 0.915306, 0.915306, 0.915306, 0.915306, 0.915306, 0.915307, 0.915307, 0.915307, 0.915307, 0.915307, 0.915307, 0.915307, 0.915308, 0.915308, 0.915308, 0.915308, 0.915308, 0.915308, 0.915308, 0.915309, 0.915309, 0.915309, 0.915312, 0.915312, 0.91532, 0.915318, 0.915333, 0.915325, 0.915335, 0.915319, 0.915295, 0.915279, 0.915243, 0.915248, 0.915277, 0.915283, 0.915303, 0.915255, 0.915236, 0.915183, 0.915268, 0.915194, 0.915232, 0.915105, 9.65001
0.915166, 0.915304, 0.915166, 0.915251, 0.915233, 0.915286, 0.915223, 0.915263, 0.91527, 0.915267, 0.915294, 0.915291, 0.915254, 0.915265, 0.915239, 0.915251, 0.915261, 0.915267, 0.915284, 0.915286, 0.915295, 0.915296, 0.915299, 0.915299, 0.9153, 0.9153, 0.9153, 0.915301, 0.915301, 0.915301, 0.915301, 0.915301, 0.915302, 0.915302, 0.915302, 0.915302, 0.915302, 0.915302, 0.915303, 0.915303, 0.915303, 0.915303, 0.915303, 0.915304, 0.915304, 0.915304, 0.915304, 0.915304, 0.915304, 0.915305, 0.915305, 0.915305, 0.915305, 0.915305, 0.915305, 0.915306, 0.915306, 0.915306, 0.915306, 0.915306, 0.915306, 0.915307, 0.915307, 0.915307, 0.915307, 0.915307, 0.915307, 0.915307, 0.915308, 0.915308, 0.915308, 0.915308, 0.915308, 0.915308, 0.915309, 0.915309, 0.915309, 0.915309, 0.915312, 0.915312, 0.91532, 0.915318, 0.915333, 0.915326, 0.915335, 0.915319, 0.915295, 0.915279, 0.915243, 0.915251, 0.915277, 0.915295, 0.9153, 0.91529, 0.915224, 0.915261, 0.915237, 0.915316, 0.915173, 0.915241, 9.65001
0.915014, 0.914534, 0.915059, 0.914733, 0.915174, 0.91503, 0.915197, 0.915169, 0.915261, 0.915241, 0.915292, 0.915285, 0.915253, 0.915264, 0.915239, 0.915251, 0.915261, 0.915267, 0.915284, 0.915286, 0.915295, 0.915296, 0.915299, 0.915299, 0.9153, 0.9153, 0.9153, 0.915301, 0.915301, 0.915301, 0.915301, 0.915301, 0.915302, 0.915302, 0.915302, 0.915302, 0.915302, 0.915303, 0.915303, 0.915303, 0.915303, 0.915303, 0.915303, 0.915304, 0.915304, 0.915304, 0.915304, 0.915304, 0.915304, 0.915305, 0.915305, 0.915305, 0.915305, 0.915305, 0.915305, 0.915306, 0.915306, 0.915306, 0.915306, 0.915306, 0.915306, 0.915307, 0.915307, 0.915307, 0.915307, 0.915307, 0.915307, 0.915307, 0.915308, 0.915308, 0.915308, 0.915308, 0.915308, 0.915308, 0.915309, 0.915309, 0.915309, 0.915309, 0.915312, 0.915312, 0.91532, 0.915318, 0.915333, 0.915325, 0.915335, 0.915318, 0.915294, 0.915274, 0.91524, 0.915226, 0.915264, 0.915202, 0.91526, 0.915033, 0.915134, 0.914739, 0.915089, 0.914542, 0.914999, 0.91438, 9.65001
0.914568, 0.915311, 0.914637, 0.915231, 0.914874, 0.91526, 0.915042, 0.915247, 0.915202, 0.915261, 0.915275, 0.915289, 0.915249, 0.915264, 0.915238, 0.915251, 0.915261, 0.915267, 0.915284, 0.915286, 0.915295, 0.915296, 0.915299, 0.915299, 0.9153, 0.9153, 0.9153, 0.915301, 0.915301, 0.915301, 0.915301, 0.915301, 0.915302, 0.915302, 0.915302, 0.915302, 0.915302, 0.915303, 0.915303, 0.915303, 0.915303, 0.915303, 0.915303, 0.915304, 0.915304, 0.915304, 0.915304, 0.915304, 0.915305, 0.915305, 0.915305, 0.915305, 0.915305, 0.915305, 0.915306, 0.915306, 0.915306, 0.915306, 0.915306, 0.915306, 0.915306, 0.915307, 0.915307, 0.915307, 0.915307, 0.915307, 0.915307, 0.915307, 0.915308, 0.915308, 0.915308, 0.915308, 0.915308, 0.915308, 0.915309, 0.915309, 0.915309, 0.915309, 0.915312, 0.915312, 0.91532, 0.915318, 0.915333, 0.915326, 0.915335, 0.915319, 0.915294, 0.91528, 0.91524, 0.915253, 0.91526, 0.915302, 0.91524, 0.915311, 0.915061, 0.915303, 0.914904, 0.915368, 0.914666, 0.915273, 9.65001
0.913653, 0.911095, 0.913984, 0.91222, 0.914499, 0.913636, 0.914867, 0.914594, 0.915136, 0.915062, 0.915255, 0.915242, 0.915245, 0.915256, 0.915238, 0.915249, 0.915261, 0.915267, 0.915284, 0.915286, 0.915295, 0.915296, 0.915299, 0.915299, 0.9153, 0.9153, 0.915301, 0.915301, 0.915301, 0.915301, 0.915301, 0.915301, 0.915302, 0.915302, 0.915302, 0.915302, 0.915302, 0.915303, 0.915303, 0.915303, 0.915303, 0.915303, 0.915303, 0.915304, 0.915304, 0.915304, 0.915304, 0.915304, 0.915305, 0.915305, 0.915305, 0.915305, 0.915305, 0.915305, 0.915306, 0.915306, 0.915306, 0.915306, 0.915306, 0.915306, 0.915306, 0.915307, 0.915307, 0.915307, 0.915307, 0.915307, 0.915307, 0.915308, 0.915308, 0.915308, 0.915308, 0.915308, 0.915308, 0.915308, 0.915309, 0.915309, 0.915309, 0.915309, 0.915312, 0.915312, 0.91532, 0.915317, 0.915333, 0.915324, 0.915334, 0.915311, 0.915288, 0.915233, 0.915211, 0.915054, 0.915153, 0.914644, 0.914939, 0.913664, 0.914438, 0.912247, 0.913963, 0.911109, 0.913607, 0.910624, 9.65001
0.911761, 0.915359, 0.912066, 0.915131, 0.912973, 0.915099, 0.91397, 0.915129, 0.914751, 0.915207, 0.915132, 0.915272, 0.915215, 0.91526, 0.915232, 0.91525, 0.91526, 0.915267, 0.915284, 0.915286, 0.915295, 0.915296, 0.915299, 0.915299, 0.9153, 0.9153, 0.915301, 0.915301, 0.915301, 0.915301, 0.915301, 0.915302, 0.915302, 0.915302, 0.915302, 0.915302, 0.915302, 0.915303, 0.915303, 0.915303, 0.915303, 0.915303, 0.915304, 0.915304, 0.915304, 0.915304, 0.915304, 0.915304, 0.915305, 0.915305, 0.915305, 0.915305, 0.915305, 0.915305, 0.915306, 0.915306, 0.915306, 0.915306, 0.915306, 0.915306, 0.915307, 0.915307, 0.915307, 0.915307, 0.915307, 0.915307, 0.915307, 0.915308, 0.915308, 0.915308, 0.915308, 0.915308, 0.915308, 0.915308, 0.915309, 0.915309, 0.915309, 0.915309, 0.915312, 0.915312, 0.91532, 0.915318, 0.915333, 0.915326, 0.915334, 0.91532, 0.915289, 0.915283, 0.915211, 0.915268, 0.91514, 0.915355, 0.914856, 0.915454, 0.914125, 0.915561, 0.913186, 0.91566, 0.91223, 0.915455, 9.65001
0.90726, 0.896964, 0.908776, 0.901192, 0.911015, 0.906831, 0.913005, 0.911434, 0.91436, 0.913961, 0.915004, 0.914948, 0.915181, 0.915194, 0.915225, 0.915239, 0.915259, 0.915266, 0.915284, 0.915286, 0.915295, 0.915296, 0.915299, 0.915299, 0.9153, 0.9153, 0.915301, 0.915301, 0.915301, 0.915301, 0.915301, 0.915302, 0.915302, 0.915302, 0.915302, 0.915302, 0.915302, 0.915303, 0.915303, 0.915303, 0.915303, 0.915303, 0.915304, 0.915304, 0.915304, 0.915304, 0.915304, 0.915304, 0.915305, 0.915305, 0.915305, 0.915305, 0.915305, 0.915305, 0.915306, 0.915306, 0.915306, 0.915306, 0.915306, 0.915306, 0.915307, 0.915307, 0.915307, 0.915307, 0.915307, 0.915307, 0.915307, 0.915308, 0.915308, 0.915308, 0.915308, 0.915308, 0.915308, 0.915308, 0.915309, 0.915309, 0.915309, 0.915309, 0.915312, 0.915312, 0.91532, 0.915316, 0.915332, 0.915315, 0.915325, 0.915254, 0.915238, 0.914957, 0.914991, 0.913999, 0.914403, 0.911561, 0.912989, 0.906932, 0.910635, 0.901236, 0.90834, 0.896956, 0.907009, 0.895422, 9.65001
0.90195, 0.915594, 0.902704, 0.91475, 0.905318, 0.914336, 0.909034, 0.91447, 0.912376, 0.914862, 0.914281, 0.915148, 0.914982, 0.915228, 0.915182, 0.915243, 0.915252, 0.915266, 0.915283, 0.915286, 0.915295, 0.915296, 0.915299, 0.915299, 0.9153, 0.9153, 0.915301, 0.915301, 0.915301, 0.915301, 0.915301, 0.915302, 0.915302, 0.915302, 0.915302, 0.915302, 0.915303, 0.915303, 0.915303, 0.915303, 0.915303, 0.915303, 0.915304, 0.915304, 0.915304, 0.915304, 0.915304, 0.915304, 0.915305, 0.915305, 0.915305, 0.915305, 0.915305, 0.915305, 0.915306, 0.915306, 0.915306, 0.915306, 0.915306, 0.915306, 0.915307, 0.915307, 0.915307, 0.915307, 0.915307, 0.915307, 0.915307, 0.915308, 0.915308, 0.915308, 0.915308, 0.915308, 0.915308, 0.915308, 0.915309, 0.915309, 0.91531, 0.91531, 0.915312, 0.915312, 0.91532, 0.915318, 0.915333, 0.915326, 0.915328, 0.915324, 0.91525, 0.915304, 0.915028, 0.915365, 0.914464, 0.915684, 0.912937, 0.916236, 0.910031, 0.916804, 0.906554, 0.916921, 0.903568, 0.916242, 9.65001
0.88433, 0.853639, 0.889412, 0.865024, 0.897094, 0.881568, 0.904774, 0.897918, 0.91051, 0.908579, 0.913606, 0.91333, 0.914785, 0.914816, 0.915136, 0.915169, 0.915243, 0.915255, 0.915282, 0.915285, 0.915295, 0.915296, 0.915299, 0.915299, 0.9153, 0.9153, 0.915301, 0.915301, 0.915301, 0.915301, 0.915301, 0.915302, 0.915302, 0.915302, 0.915302, 0.915302, 0.915303, 0.915303, 0.915303, 0.915303, 0.915303, 0.915303, 0.915304, 0.915304, 0.915304, 0.915304, 0.915304, 0.915305, 0.915305, 0.915305, 0.915305, 0.915305, 0.915305, 0.915305, 0.915306, 0.915306, 0.915306, 0.915306, 0.915306, 0.915306, 0.915307, 0.915307, 0.915307, 0.915307, 0.915307, 0.915307, 0.915307, 0.915308, 0.915308, 0.915308, 0.915308, 0.915308, 0.915308, 0.915308, 0.915309, 0.915309, 0.915309, 0.915309, 0.915312, 0.91531, 0.915318, 0.915307, 0.915321, 0.915252, 0.915257, 0.914905, 0.914898, 0.913424, 0.91365, 0.908783, 0.910318, 0.898198, 0.903619, 0.88157, 0.894535, 0.864663, 0.886865, 0.853258, 0.883128, 0.849574, 9.65001
0.879143, 0.916407, 0.879607, 0.913773, 0.883758, 0.911699, 0.89236, 0.911628, 0.902785, 0.91309, 0.910267, 0.914417, 0.913731, 0.915011, 0.914882, 0.915195, 0.915195, 0.915257, 0.915274, 0.915285, 0.915294, 0.915296, 0.915299, 0.915299, 0.9153, 0.9153, 0.915301, 0.915301, 0.915301, 0.915301, 0.915301, 0.915302, 0.915302, 0.915302, 0.915302, 0.915302, 0.915303, 0.915303, 0.915303, 0.915303, 0.915303, 0.915303, 0.915304, 0.915304, 0.915304, 0.915304, 0.915304, 0.915305, 0.915305, 0.915305, 0.915305, 0.915305, 0.915305, 0.915306, 0.915306, 0.915306, 0.915306, 0.915306, 0.915306, 0.915307, 0.915307, 0.915307, 0.915307, 0.915307, 0.915307, 0.915308, 0.915308, 0.915308, 0.915308, 0.915308, 0.915308, 0.915308, 0.915309, 0.915309, 0.915309, 0.915309, 0.91531, 0.91531, 0.915312, 0.915312, 0.91532, 0.915319, 0.915326, 0.91533, 0.915287, 0.915348, 0.915032, 0.915436, 0.914116, 0.915903, 0.911525, 0.91729, 0.905856, 0.919532, 0.897437, 0.921222, 0.889358, 0.920866, 0.883212, 0.918747, 9.65001
0.825894, 0.760962, 0.83773, 0.782524, 0.856489, 0.81483, 0.877616, 0.855107, 0.895889, 0.888392, 0.907505, 0.906306, 0.912823, 0.912959, 0.914643, 0.914783, 0.915144, 0.915191, 0.915266, 0.915276, 0.915293, 0.915295, 0.915299, 0.915299, 0.9153, 0.9153, 0.915301, 0.915301, 0.915301, 0.915301, 0.915302, 0.915302, 0.915302, 0.915302, 0.915302, 0.915302, 0.915303, 0.915303, 0.915303, 0.915303, 0.915303, 0.915304, 0.915304, 0.915304, 0.915304, 0.915304, 0.915304, 0.915305, 0.915305, 0.915305, 0.915305, 0.915305, 0.915305, 0.915306, 0.915306, 0.915306, 0.915306, 0.915306, 0.915306, 0.915307, 0.915307, 0.915307, 0.915307, 0.915307, 0.915307, 0.915307, 0.915308, 0.915308, 0.915308, 0.915308, 0.915308, 0.915308, 0.915308, 0.915308, 0.915309, 0.915309, 0.915309, 0.915309, 0.915311, 0.915303, 0.915308, 0.91525, 0.915247, 0.914903, 0.914843, 0.91317, 0.913036, 0.906662, 0.907121, 0.888779, 0.89301, 0.854665, 0.869669, 0.812417, 0.844776, 0.778883, 0.828068, 0.758327, 0.821476, 0.753623, 9.65001
0.854703, 0.918425, 0.850551, 0.912468, 0.84902, 0.905951, 0.855732, 0.902914, 0.875141, 0.90618, 0.895953, 0.911007, 0.908457, 0.913846, 0.913434, 0.9149, 0.914886, 0.915199, 0.915221, 0.915275, 0.915286, 0.915294, 0.915298, 0.915299, 0.9153, 0.9153, 0.9153, 0.915301, 0.915301, 0.915301, 0.915301, 0.915302, 0.915302, 0.915302, 0.915302, 0.915302, 0.915303, 0.915303, 0.915303, 0.915303, 0.915303, 0.915304, 0.915304, 0.915304, 0.915304, 0.915304, 0.915305, 0.915305, 0.915305, 0.915305, 0.915305, 0.915305, 0.915306, 0.915306, 0.915306, 0.915306, 0.915306, 0.915307, 0.915307, 0.915307, 0.915307, 0.915307, 0.915307, 0.915308, 0.915308, 0.915308, 0.915308, 0.915308, 0.915308, 0.915308, 0.915309, 0.915309, 0.915309, 0.915309, 0.915309, 0.915309, 0.91531, 0.91531, 0.915312, 0.915313, 0.915315, 0.915321, 0.915292, 0.915351, 0.915083, 0.915478, 0.914084, 0.916073, 0.91072, 0.918225, 0.902507, 0.923228, 0.888907, 0.929483, 0.875502, 0.93171, 0.867881, 0.929113, 0.86164, 0.924205, 9.65001
0.734795, 0.636018, 0.751805, 0.665809, 0.779424, 0.703204, 0.816417, 0.762826, 0.856039, 0.833533, 0.887568, 0.883251, 0.905299, 0.905843, 0.912473, 0.913103, 0.914655, 0.914876, 0.915177, 0.915228, 0.91528, 0.915289, 0.915297, 0.915299, 0.9153, 0.915301, 0.915301, 0.915301, 0.915301, 0.915301, 0.915302, 0.915302, 0.915302, 0.915302, 0.915302, 0.915303, 0.915303, 0.915303, 0.915303, 0.915303, 0.915303, 0.915304, 0.915304, 0.915304, 0.915304, 0.915304, 0.915305, 0.915305, 0.915305, 0.915305, 0.915305, 0.915305, 0.915306, 0.915306, 0.915306, 0.915306, 0.915306, 0.915306, 0.915306, 0.915307, 0.915307, 0.915307, 0.915307, 0.915307, 0.915307, 0.915307, 0.915308, 0.915308, 0.915308, 0.915308, 0.915308, 0.915308, 0.915308, 0.915308, 0.915309, 0.915308, 0.915308, 0.915304, 0.915302, 0.915263, 0.915244, 0.914974, 0.914847, 0.913363, 0.912815, 0.906371, 0.904963, 0.883682, 0.882701, 0.831699, 0.838848, 0.754464, 0.78373, 0.687148, 0.743615, 0.648622, 0.725595, 0.625212, 0.72254, 0.628068, 9.65001
0.881818, 0.924559, 0.865363, 0.91372, 0.84462, 0.901841, 0.821211, 0.887055, 0.82623, 0.887235, 0.860005, 0.89899, 0.891719, 0.908936, 0.907965, 0.913471, 0.91355, 0.914884, 0.914966, 0.91522, 0.915247, 0.915286, 0.915292, 0.915298, 0.915299, 0.9153, 0.9153, 0.915301, 0.915301, 0.915301, 0.915301, 0.915301, 0.915302, 0.915302, 0.915302, 0.915302, 0.915303, 0.915303, 0.915303, 0.915303, 0.915303, 0.915304, 0.915304, 0.915304, 0.915304, 0.915304, 0.915305, 0.915305, 0.915305, 0.915305, 0.915305, 0.915306, 0.915306, 0.915306, 0.915306, 0.915306, 0.915307, 0.915307, 0.915307, 0.915307, 0.915307, 0.915308, 0.915308, 0.915308, 0.915308, 0.915308, 0.915308, 0.915309, 0.915309, 0.915309, 0.915309, 0.915309, 0.915309, 0.91531, 0.91531, 0.91531, 0.91531, 0.915311, 0.91531, 0.915315, 0.915292, 0.915333, 0.915143, 0.915441, 0.914323, 0.916015, 0.911113, 0.918466, 0.902255, 0.925772, 0.886521, 0.938885, 0.87301, 0.94878, 0.876157, 0.945872, 0.887764, 0.941139, 0.888403, 0.932972, 9.65001
0.685631, 0.540369, 0.700518, 0.576638, 0.713544, 0.611872, 0.741129, 0.648766, 0.787844, 0.73539, 0.842581, 0.829291, 0.884118, 0.885457, 0.905178, 0.907448, 0.91275, 0.913667, 0.914788, 0.915022, 0.915216, 0.91526, 0.915289, 0.915296, 0.915299, 0.9153, 0.915301, 0.915301, 0.915301, 0.915302, 0.915302, 0.915302, 0.915302, 0.915302, 0.915303, 0.915303, 0.915303, 0.915303, 0.915303, 0.915303, 0.915304, 0.915304, 0.915304, 0.915304, 0.915304, 0.915304, 0.915305, 0.915305, 0.915305, 0.915305, 0.915305, 0.915305, 0.915306, 0.915306, 0.915306, 0.915306, 0.915306, 0.915306, 0.915307, 0.915307, 0.915307, 0.915307, 0.915307, 0.915307, 0.915307, 0.915308, 0.915308, 0.915308, 0.915308, 0.915308, 0.915308, 0.915308, 0.915308, 0.915308, 0.915308, 0.915306, 0.915303, 0.915281, 0.915258, 0.915089, 0.914935, 0.913895, 0.913105, 0.908012, 0.905025, 0.885844, 0.878306, 0.825457, 0.816069, 0.716617, 0.723971, 0.605246, 0.653422, 0.553451, 0.638283, 0.526013, 0.642721, 0.510548, 0.661262, 0.52877, 9.65001
0.990923, 0.954533, 0.965467, 0.929165, 0.933069, 0.917314, 0.867331, 0.882828, 0.79986, 0.856955, 0.80527, 0.869204, 0.854112, 0.893298, 0.892363, 0.908038, 0.909015, 0.913509, 0.913973, 0.914952, 0.915075, 0.915244, 0.915268, 0.915292, 0.915296, 0.915299, 0.9153, 0.9153, 0.915301, 0.915301, 0.915301, 0.915301, 0.915302, 0.915302, 0.915302, 0.915302, 0.915303, 0.915303, 0.915303, 0.915303, 0.915303, 0.915304, 0.915304, 0.915304, 0.915304, 0.915305, 0.915305, 0.915305, 0.915305, 0.915305, 0.915306, 0.915306, 0.915306, 0.915306, 0.915307, 0.915307, 0.915307, 0.915307, 0.915307, 0.915308, 0.915308, 0.915308, 0.915308, 0.915308, 0.915309, 0.915309, 0.915309, 0.915309, 0.915309, 0.915309, 0.91531, 0.91531, 0.91531, 0.91531, 0.91531, 0.915311, 0.915309, 0.915312, 0.915298, 0.915318, 0.915206, 0.915372, 0.914673, 0.915747, 0.912365, 0.917741, 0.905337, 0.925292, 0.892328, 0.943638, 0.885457, 0.96637, 0.910897, 0.969303, 0.962697, 0.959607, 0.989629, 0.968758, 0.994077, 0.95606, 9.65001
0.742876, 0.475188, 0.772835, 0.510611, 0.764655, 0.593337, 0.743462, 0.605334, 0.743736, 0.641693, 0.784613, 0.747517, 0.844192, 0.844135, 0.887411, 0.893297, 0.907138, 0.910096, 0.913452, 0.914322, 0.914967, 0.91515, 0.915251, 0.915281, 0.915295, 0.915299, 0.915301, 0.915301, 0.915302, 0.915302, 0.915302, 0.915302, 0.915302, 0.915303, 0.915303, 0.915303, 0.915303, 0.915303, 0.915303, 0.915304, 0.915304, 0.915304, 0.915304, 0.915304, 0.915304, 0.915305, 0.915305, 0.915305, 0.915305, 0.915305, 0.915305, 0.915306, 0.915306, 0.915306, 0.915306, 0.915306, 0.915306, 0.915307, 0.915307, 0.915307, 0.915307, 0.915307, 0.915307, 0.915307, 0.915308, 0.915308, 0.915308, 0.915308, 0.915308, 0.915308, 0.915308, 0.915308, 0.915308, 0.915307, 0.915306, 0.915295, 0.915278, 0.915193, 0.915068, 0.914488, 0.913753, 0.910567, 0.907203, 0.893567, 0.882294, 0.838868, 0.814131, 0.718183, 0.693321, 0.560291, 0.585126, 0.47358, 0.583328, 0.460568, 0.631704, 0.407996, 0.656495, 0.415712, 0.711774, 0.42499, 9.65001
1.06175, 1.05525, 1.0534, 0.998276, 1.03613, 0.967854, 1.01198, 0.934378, 0.878739, 0.851166, 0.779307, 0.824784, 0.800163, 0.857797, 0.859937, 0.892364, 0.897195, 0.908803, 0.910918, 0.913901, 0.914473, 0.91506, 0.915174, 0.915266, 0.915284, 0.915296, 0.915298, 0.9153, 0.9153, 0.915301, 0.915301, 0.915301, 0.915302, 0.915302, 0.915302, 0.915302, 0.915303, 0.915303, 0.915303, 0.915303, 0.915303, 0.915304, 0.915304, 0.915304, 0.915304, 0.915305, 0.915305, 0.915305, 0.915305, 0.915306, 0.915306, 0.915306, 0.915306, 0.915306, 0.915307, 0.915307, 0.915307, 0.915307, 0.915308, 0.915308, 0.915308, 0.915308, 0.915308, 0.915309, 0.915309, 0.915309, 0.915309, 0.915309, 0.91531, 0.91531, 0.91531, 0.91531, 0.91531, 0.915311, 0.91531, 0.915311, 0.915304, 0.915311, 0.915259, 0.915322, 0.914983, 0.915464, 0.913706, 0.916547, 0.909587, 0.922061, 0.902223, 0.940326, 0.904359, 0.975139, 0.94895, 0.999897, 1.03724, 0.990918, 1.08409, 1.01837, 1.06969, 1.06261, 1.07671, 1.04431, 9.65001
0.739402, 0.405437, 0.818748, 0.425393, 0.891724, 0.542761, 0.872192, 0.637791, 0.812087, 0.630292, 0.775651, 0.683093, 0.804484, 0.789709, 0.858743, 0.868069, 0.89516, 0.902186, 0.909983, 0.912484, 0.914212, 0.914816, 0.915122, 0.915232, 0.915277, 0.915293, 0.915299, 0.915301, 0.915302, 0.915302, 0.915302, 0.915302, 0.915303, 0.915303, 0.915303, 0.915303, 0.915303, 0.915303, 0.915304, 0.915304, 0.915304, 0.915304, 0.915304, 0.915304, 0.915305, 0.915305, 0.915305, 0.915305, 0.915305, 0.915305, 0.915306, 0.915306, 0.915306, 0.915306, 0.915306, 0.915306, 0.915307, 0.915307, 0.915307, 0.915307, 0.915307, 0.915307, 0.915307, 0.915308, 0.915308, 0.915308, 0.915308, 0.915308, 0.915308, 0.915308, 0.915308, 0.915308, 0.915307, 0.915303, 0.915294, 0.91526, 0.915186, 0.914923, 0.914431, 0.912823, 0.910216, 0.902398, 0.891894, 0.862961, 0.833142, 0.756333, 0.706393, 0.572065, 0.557035, 0.412817, 0.531329, 0.383314, 0.627086, 0.331341, 0.632673, 0.249799, 0.650082, 0.310672, 0.699479, 0.297153, 9.65001
1.07193, 1.18941, 1.06641, 1.16392, 1.02144, 1.04305, 1.07613, 1.03898, 1.03438, 0.929891, 0.842314, 0.806771, 0.762796, 0.805708, 0.812351, 0.859218, 0.873564, 0.896402, 0.90345, 0.91065, 0.91276, 0.914414, 0.914869, 0.915164, 0.91524, 0.915283, 0.915293, 0.915298, 0.9153, 0.915301, 0.915301, 0.915301, 0.915301, 0.915302, 0.915302, 0.915302, 0.915303, 0.915303, 0.915303, 0.915303, 0.915304, 0.915304, 0.915304, 0.915304, 0.915305, 0.915305, 0.915305, 0.915305, 0.915306, 0.915306, 0.915306, 0.915306, 0.915306, 0.915307, 0.915307, 0.915307, 0.915307, 0.915308, 0.915308, 0.915308, 0.915308, 0.915309, 0.915309, 0.915309, 0.915309, 0.915309, 0.91531, 0.91531, 0.91531, 0.91531, 0.91531, 0.915311, 0.915311, 0.915311, 0.915309, 0.915309, 0.915291, 0.915303, 0.915176, 0.915306, 0.91462, 0.91562, 0.912804, 0.918333, 0.910224, 0.931432, 0.917963, 0.969039, 0.967649, 1.02451, 1.06846, 1.04815, 1.12222, 1.07127, 1.07301, 1.19447, 1.08557, 1.20769, 1.10578, 1.22354, 9.65001
0.58547, 0.394748, 0.615275, 0.485371, 0.832222, 0.507901, 0.961609, 0.646948, 0.958186, 0.690968, 0.868592, 0.687512, 0.811932, 0.752491, 0.834356, 0.837898, 0.877711, 0.889257, 0.903286, 0.908736, 0.912446, 0.914008, 0.914772, 0.915096, 0.915222, 0.915274, 0.915292, 0.915299, 0.915301, 0.915302, 0.915302, 0.915303, 0.915303, 0.915303, 0.915303, 0.915303, 0.915303, 0.915304, 0.915304, 0.915304, 0.915304, 0.915304, 0.915305, 0.915305, 0.915305, 0.915305, 0.915305, 0.915305, 0.915306, 0.915306, 0.915306, 0.915306, 0.915306, 0.915306, 0.915306, 0.915307, 0.915307, 0.915307, 0.915307, 0.915307, 0.915307, 0.915307, 0.915308, 0.915308, 0.915308, 0.915308, 0.915308, 0.915308, 0.915308, 0.915308, 0.915308, 0.915307, 0.915303, 0.915291, 0.915258, 0.915159, 0.914909, 0.914229, 0.912727, 0.908975, 0.90191, 0.885773, 0.86128, 0.809628, 0.753702, 0.63843, 0.57966, 0.412678, 0.470998, 0.296809, 0.540588, 0.285219, 0.547616, 0.171598, 0.432028, 0.196383, 0.494557, 0.268824, 0.445014, 0.317465, 9.65001
1.31756, 1.19998, 1.22764, 1.29163, 1.1105, 1.13921, 1.03568, 1.09896, 1.11789, 1.0696, 0.973663, 0.868896, 0.779344, 0.767702, 0.764517, 0.809497, 0.83636, 0.871372, 0.888485, 0.902675, 0.908685, 0.912575, 0.91404, 0.914836, 0.915107, 0.915235, 0.915276, 0.915293, 0.915298, 0.9153, 0.915301, 0.915301, 0.915301, 0.915302, 0.915302, 0.915302, 0.915302, 0.915303, 0.915303, 0.915303, 0.915304, 0.915304, 0.915304, 0.915304, 0.915305, 0.915305, 0.915305, 0.915305, 0.915306, 0.915306, 0.915306, 0.915306, 0.915307, 0.915307, 0.915307, 0.915307, 0.915308, 0.915308, 0.915308, 0.915308, 0.915309, 0.915309, 0.915309, 0.915309, 0.91531, 0.91531, 0.91531, 0.91531, 0.91531, 0.915311, 0.915311, 0.915311, 0.91531, 0.91531, 0.915305, 0.915302, 0.915264, 0.915267, 0.915058, 0.915225, 0.914401, 0.91597, 0.913998, 0.922641, 0.921977, 0.95172, 0.964557, 1.02179, 1.06115, 1.09958, 1.13447, 1.12539, 1.09789, 1.21466, 1.15612, 1.3379, 1.31007, 1.2455, 1.28012, 1.35309, 9.65001
0.701392, 0.291987, 0.636658, 0.496774, 0.689534, 0.624788, 0.919498, 0.711841, 1.04246, 0.786216, 1.0148, 0.771415, 0.893636, 0.766615, 0.84002, 0.8187, 0.862275, 0.873879, 0.893648, 0.902636, 0.909169, 0.912377, 0.913996, 0.91477, 0.915083, 0.915223, 0.915272, 0.915293, 0.915299, 0.915301, 0.915302, 0.915303, 0.915303, 0.915303, 0.915303, 0.915304, 0.915304, 0.915304, 0.915304, 0.915304, 0.915304, 0.915305, 0.915305, 0.915305, 0.915305, 0.915305, 0.915305, 0.915306, 0.915306, 0.915306, 0.915306, 0.915306, 0.915306, 0.915307, 0.915307, 0.915307, 0.915307, 0.915307, 0.915307, 0.915307, 0.915308, 0.915308, 0.915308, 0.915308, 0.915308, 0.915308, 0.915308, 0.915308, 0.915308, 0.915308, 0.915307, 0.915303, 0.915291, 0.915258, 0.915158, 0.914902, 0.914223, 0.912634, 0.908953, 0.901084, 0.885825, 0.855985, 0.811012, 0.72883, 0.648462, 0.495516, 0.454674, 0.272553, 0.403393, 0.221846, 0.440561, 0.177301, 0.304741, 0.0596966, 0.324991, 0.171441, 0.394022, 0.125928, 0.432723, 0.153656, 9.65001
1.48495, 1.3956, 1.44616, 1.29356, 1.35519, 1.25607, 1.13284, 1.10552, 1.13164, 1.15434, 1.10629, 0.996736, 0.863148, 0.782021, 0.740022, 0.758624, 0.789116, 0.831966, 0.862828, 0.88678, 0.900207, 0.908234, 0.912041, 0.913951, 0.914745, 0.915093, 0.915223, 0.915274, 0.915291, 0.915298, 0.9153, 0.915301, 0.915301, 0.915302, 0.915302, 0.915302, 0.915302, 0.915303, 0.915303, 0.915303, 0.915304, 0.915304, 0.915304, 0.915304, 0.915305, 0.915305, 0.915305, 0.915306, 0.915306, 0.915306, 0.915306, 0.915307, 0.915307, 0.915307, 0.915307, 0.915308, 0.915308, 0.915308, 0.915308, 0.915309, 0.915309, 0.915309, 0.915309, 0.91531, 0.91531, 0.91531, 0.91531, 0.915311, 0.915311, 0.915311, 0.915311, 0.915311, 0.915309, 0.915307, 0.915295, 0.91528, 0.915219, 0.915176, 0.914966, 0.915122, 0.914939, 0.917392, 0.920037, 0.933697, 0.949865, 0.991847, 1.03387, 1.09901, 1.13987, 1.16972, 1.16175, 1.18016, 1.22585, 1.32561, 1.4751, 1.38945, 1.4468, 1.39882, 1.48201, 1.45966, 9.65001
0.80613, 0.122685, 1.03129, 0.338676, 0.852454, 0.563727, 0.975485, 0.785457, 1.10996, 0.906947, 1.16056, 0.925662, 1.03787, 0.856508, 0.894761, 0.83162, 0.860138, 0.862304, 0.883075, 0.894401, 0.904021, 0.909477, 0.9125, 0.914073, 0.91477, 0.915097, 0.915222, 0.915274, 0.915292, 0.9153, 0.915302, 0.915303, 0.915303, 0.915303, 0.915304, 0.915304, 0.915304, 0.915304, 0.915304, 0.915305, 0.915305, 0.915305, 0.915305, 0.915305, 0.915305, 0.915306, 0.915306, 0.915306, 0.915306, 0.915306, 0.915306, 0.915306, 0.915307, 0.915307, 0.915307, 0.915307, 0.915307, 0.915307, 0.915308, 0.915308, 0.915308, 0.915308, 0.915308, 0.915308, 0.915308, 0.915308, 0.915309, 0.915309, 0.915308, 0.915307, 0.915304, 0.915293, 0.915259, 0.915169, 0.914911, 0.914285, 0.912693, 0.909185, 0.901436, 0.88607, 0.857764, 0.807493, 0.736301, 0.621353, 0.520262, 0.352079, 0.332471, 0.174242, 0.319818, 0.127615, 0.292613, -0.0294705, 0.217185, -0.0699395, 0.382344, 0.0285129, 0.361561, -0.212961, 0.655924, -0.520082, 9.65001
1.32963, 1.7323, 1.49423, 1.53063, 1.42548, 1.40413, 1.29988, 1.18799, 1.14016, 1.16374, 1.17916, 1.12079, 0.998109, 0.862569, 0.767769, 0.73209, 0.744895, 0.78271, 0.824918, 0.859959, 0.884362, 0.899332, 0.907626, 0.911843, 0.913832, 0.91471, 0.915075, 0.915218, 0.915272, 0.915291, 0.915298, 0.9153, 0.915301, 0.915301, 0.915302, 0.915302, 0.915302, 0.915303, 0.915303, 0.915303, 0.915304, 0.915304, 0.915304, 0.915305, 0.915305, 0.915305, 0.915305, 0.915306, 0.915306, 0.915306, 0.915307, 0.915307, 0.915307, 0.915307, 0.915308, 0.915308, 0.915308, 0.915308, 0.915309, 0.915309, 0.915309, 0.915309, 0.91531, 0.91531, 0.91531, 0.91531, 0.915311, 0.915311, 0.915311, 0.915311, 0.915311, 0.91531, 0.915306, 0.915297, 0.915274, 0.915229, 0.915147, 0.91504, 0.915006, 0.915398, 0.917139, 0.922199, 0.933989, 0.9573, 0.996364, 1.05185, 1.11549, 1.17028, 1.20143, 1.20295, 1.22432, 1.27988, 1.41223, 1.54037, 1.51845, 1.58549, 1.46141, 1.69346, 1.63508, 1.7354, 9.65001
